id	d0	d1	d2	v0	v1	v2	s0	s1	s2
AANQ533128	3	3	3	4	3	3	4	4	4
AAQU299053	4	2	4	0	2	3	2	1	1
AAXB129649	3	5	4	5	5	5	3	5	3
ABAL907629	4	2	4	5	4	4	3	3	3
ABKT863050	3	3	3	3	3	4	3	4	4
ABLG727651	4	3	3	3	3	3	2	3	3
ABTX331895	3	2	3	3	2	2	3	4	4
ABWT586171	4	5	5	3	4	4	1	3	3
ABYB134910	4	5	4	3	3	3	3	2	3
ABYS309582	3	0	0	3	1	1	3	4	3
ABZS849819	4	0	0	1	1	1	4	4	4
ACFO426405	1	1	0	4	2	3	3	3	4
ACIH716918	2	1	0	3	3	3	2	3	3
ACJL999279	3	3	3	5	5	3	4	4	4
ACJN901892	3	2	1	2	3	3	1	2	2
ACPQ935148	0	0	0	2	0	1	1	1	1
ADJE192718	3	1	2	3	2	2	3	3	2
AEXL711774	3	5	4	5	4	5	4	3	4
AFAN966106	1	1	1	1	1	1	1	1	1
AFME416325	4	2	1	4	4	3	1	2	3
AFTJ837515	3	0	0	2	1	2	2	2	2
AFVR134511	1	2	3	3	3	3	3	4	3
AFWG264326	3	2	3	3	4	2	3	3	3
AFWN936255	4	2	1	4	3	2	3	3	2
AGAA859371	1	0	0	0	0	0	1	1	1
AGNP157941	3	3	2	3	3	3	2	3	3
AGOY922616	4	3	4	3	4	3	4	4	4
AGQC937821	3	3	4	4	4	3	4	4	3
AGVA789245	4	3	3	4	4	3	1	4	3
AGWO202364	3	3	4	4	5	3	4	4	3
AHAB657922	4	3	3	4	4	3	0	3	3
AHEJ616285	3	1	1	2	2	2	3	3	3
AHGI349591	5	3	4	4	5	4	4	5	4
AHGR282119	1	1	2	3	4	3	2	4	2
AHKW926713	4	4	3	4	4	3	4	3	4
AHOL976318	4	4	2	0	2	3	4	4	4
AHUK392700	0	0	0	2	1	1	3	3	2
AHWP947422	3	1	1	2	1	1	2	1	1
AHYS397673	1	0	1	1	0	0	2	0	1
AIBD870801	3	0	1	2	1	1	4	4	4
AIGN275540	1	0	0	2	0	0	0	2	2
AIIF928376	4	4	3	2	0	5	3	4	2
AISR324276	1	1	1	1	1	1	1	1	1
AJEY265210	3	2	3	3	3	2	3	3	3
AJHT264512	3	3	3	3	4	4	4	3	3
AJPY701937	4	1	1	2	3	2	2	2	2
AJSV608798	4	3	3	4	4	3	2	3	3
AJYE932209	1	1	1	3	1	2	1	3	3
AJYI784832	3	2	2	3	1	2	3	4	4
AJYY483409	5	4	4	4	4	5	4	4	4
AKAT813231	0	0	0	0	0	0	0	0	0
AKKE936815	3	3	3	5	4	2	5	4	3
AKOA623070	5	5	5	5	5	5	4	4	4
AKPG390266	3	3	1	4	4	3	3	4	4
AKYE131672	3	2	3	0	1	1	1	1	1
ALCM313263	2	3	0	4	3	3	3	4	2
ALDJ386749	1	1	3	2	2	2	2	4	4
ALEE960269	3	2	3	2	0	1	1	3	3
ALFB862392	3	2	0	4	2	1	2	4	3
ALHE660549	4	5	4	4	4	4	3	4	3
ALZP874507	4	2	1	4	5	3	4	4	4
AMEP118082	3	1	0	3	3	4	3	3	3
AMJI820114	3	0	0	1	3	3	0	3	3
AMKO739193	3	3	3	3	2	2	4	4	3
AMLT431644	3	0	0	3	3	2	3	4	3
AMOJ733851	0	0	0	0	0	0	0	0	0
AMTR237335	2	2	2	3	2	3	2	3	3
ANBB352797	3	3	2	3	1	3	1	3	2
ANCO493121	3	2	2	3	2	2	1	3	3
ANGW107944	2	3	2	4	4	3	4	4	5
ANKL820291	1	2	2	3	2	2	3	3	2
ANQT486850	4	4	0	3	4	4	3	3	3
ANSX226089	3	3	4	4	5	4	1	3	2
ANYK520900	1	0	2	4	3	1	3	3	3
AODC876673	4	4	2	1	4	4	1	3	1
AOII435653	1	1	2	3	2	1	4	3	3
AORP245685	2	2	1	2	3	3	3	4	2
APDP773172	1	1	0	2	2	1	2	2	2
APEU768536	2	1	1	1	2	1	3	2	1
APIV906496	4	3	1	4	3	4	3	4	4
APNE582565	5	4	3	3	3	5	3	4	4
APWY978090	1	0	0	1	0	0	1	1	1
APZU262935	4	3	3	2	1	2	3	3	4
AQDG671193	3	3	4	4	3	3	3	3	3
AQLT235669	2	2	1	2	2	1	2	2	2
AQUP354156	3	3	3	5	4	3	3	4	4
ARBN504691	5	4	4	5	4	3	3	4	5
ARBO144075	5	2	2	3	3	3	3	3	0
ARGA411262	4	3	3	3	4	4	1	1	3
ARIH631400	4	3	1	4	4	3	3	3	2
ARIM424943	3	0	0	3	2	2	3	3	4
ARTR655016	3	5	4	5	5	4	4	4	4
ARYE762567	4	4	4	4	4	4	4	4	4
ARZU897943	3	2	1	4	3	4	3	3	3
ASKP965650	1	0	0	3	1	1	4	3	3
ASUP322881	1	0	0	1	0	1	1	0	1
ASVK499751	5	4	5	5	5	4	4	4	5
ATGF126126	3	4	3	4	4	3	2	3	2
ATGY598884	5	3	4	5	5	4	3	4	3
ATPT978482	2	2	2	2	3	3	2	2	2
ATQG327799	4	3	4	3	5	4	4	4	4
ATRS993164	3	4	4	4	4	4	4	4	3
ATTQ105636	1	0	1	3	4	4	3	3	3
ATWW134196	4	4	4	4	3	3	4	4	4
AUCT401135	3	1	1	3	3	2	1	2	1
AUDC457264	3	1	4	2	3	2	1	3	3
AUMZ708310	1	2	2	4	3	2	4	4	3
AUTM364635	4	3	3	4	4	4	4	4	4
AUVH782287	3	3	2	3	3	3	2	2	2
AUVZ261507	3	4	3	4	4	3	2	3	3
AVAU248569	1	0	0	3	2	2	3	3	2
AVDN875334	1	0	0	3	2	1	3	4	4
AVEC937019	0	3	0	3	3	4	4	4	3
AVFF793485	3	2	2	4	3	3	2	3	3
AVFV484774	0	2	0	0	0	0	1	0	0
AVOK630507	3	3	3	4	4	4	4	4	5
AVTJ958141	3	4	4	4	4	3	3	4	4
AVXN108052	3	2	0	4	3	3	4	4	4
AWHW445603	3	3	1	5	4	5	5	4	3
AWLP442325	3	2	2	3	3	2	3	4	3
AWQX395047	2	4	3	4	4	3	4	5	4
AWVI818794	3	3	3	3	3	3	3	3	4
AXDI134016	4	3	3	1	4	3	4	3	3
AXDI671920	1	2	1	3	2	2	2	3	3
AXHE787470	3	2	2	4	3	3	2	4	4
AXIR516994	3	3	3	3	3	3	3	3	3
AXRK283743	3	3	1	3	1	1	4	4	4
AXTC603562	5	5	5	3	3	4	3	3	4
AXTL384417	1	1	1	1	1	1	0	1	1
AXYB525772	2	0	0	1	3	3	0	1	3
AYBZ165201	4	2	4	2	4	4	3	3	4
AYTQ908041	4	3	3	4	4	4	2	3	2
AYTU885912	4	2	4	4	4	4	3	4	4
AYUJ626457	5	0	1	2	1	2	2	3	3
AZBN568698	0	0	0	0	0	0	0	0	0
AZJF900683	4	2	4	4	4	3	3	4	4
AZLT427683	3	3	3	4	3	4	3	3	4
AZMM199333	5	3	2	3	4	5	0	2	0
BAEX481503	4	3	4	4	4	4	4	4	4
BAFI310964	5	3	3	3	4	4	3	3	3
BANR897518	3	4	2	4	4	3	4	4	3
BAON702508	4	1	2	4	4	4	4	4	4
BAQC677805	4	3	3	4	4	3	4	4	4
BARS793243	3	0	0	3	2	2	4	3	2
BATB534275	3	2	3	3	3	2	2	4	4
BBBH182854	4	3	4	3	4	4	3	2	3
BBBR918309	3	3	3	3	4	4	4	4	4
BBLX627962	4	1	3	2	4	4	3	2	2
BBVE453515	1	2	1	1	3	2	1	1	0
BCBI856332	4	1	2	3	3	3	3	3	3
BCKH761770	2	2	5	1	2	1	2	1	0
BCLZ156033	4	4	5	5	3	4	4	4	3
BCNK914573	3	2	1	4	4	4	1	1	3
BCRB794161	3	4	3	4	3	3	4	4	4
BDBG763809	3	0	0	3	2	0	0	4	3
BDGB487329	2	2	2	4	2	4	3	4	4
BDJW572919	4	3	2	3	3	4	3	1	3
BDNB695752	1	2	2	2	1	1	2	1	3
BDNJ617900	0	0	0	1	2	3	0	0	1
BDZF335589	4	2	3	3	4	3	3	3	3
BDZV198041	2	0	0	2	2	2	3	3	3
BEDH114314	4	1	4	3	3	4	3	3	3
BEJA235088	4	5	5	1	4	4	3	3	3
BESS722501	0	0	0	0	0	0	0	0	0
BETT341640	2	3	1	3	1	0	4	2	1
BEUH570201	3	4	3	4	3	4	3	4	4
BFHL250494	4	1	1	4	2	2	3	3	2
BFIF135276	3	1	2	2	1	1	1	1	1
BFNM384099	3	3	3	4	4	4	3	4	3
BFPI459062	4	2	4	4	2	3	2	4	5
BGFK319710	3	3	2	2	2	3	1	2	2
BGIS538770	4	0	1	1	3	3	2	2	3
BGNW450323	3	3	2	4	3	2	4	4	3
BGQT602060	4	1	1	3	3	3	3	4	4
BGZL395083	1	1	0	2	2	2	2	2	2
BHDI725568	1	0	0	3	3	3	0	0	0
BHKR814767	2	0	0	3	1	2	3	4	4
BHME691459	3	3	3	3	3	2	3	3	3
BHTL209908	4	3	4	3	4	4	3	3	4
BHWI758957	4	4	4	5	4	4	4	4	4
BIJE463805	3	2	2	4	3	3	3	3	1
BIOQ464571	0	0	0	0	0	0	2	1	1
BIQD766340	4	4	3	4	4	3	4	5	4
BIVH960376	3	1	3	4	2	3	4	4	2
BJKO215370	3	2	2	2	2	2	2	2	2
BJVL445114	0	1	1	3	3	1	3	4	3
BJVL779251	3	3	3	4	5	4	4	4	4
BKMK109350	3	4	4	3	3	3	2	3	2
BKNZ943920	3	3	3	3	1	1	3	3	3
BKRG198278	1	1	2	3	3	1	3	1	2
BKWP419433	4	3	2	2	2	1	2	3	1
BKYC434150	3	3	3	3	3	3	3	3	3
BLII284164	4	5	4	4	5	3	5	3	3
BLIY109167	3	2	1	2	3	2	0	1	1
BLTT493316	4	3	3	4	3	3	3	4	4
BLUZ996035	3	2	1	3	3	3	3	4	3
BMAE118644	3	0	0	3	1	1	0	3	1
BMGU837132	4	3	3	5	4	4	4	4	3
BMHF493852	2	4	3	4	3	3	3	3	2
BMTM495586	3	3	3	3	3	3	1	3	3
BMUW184810	0	1	1	3	1	2	4	4	3
BNAE186663	0	0	0	0	0	0	0	0	0
BNJT312550	3	2	2	2	2	2	2	2	2
BNUC107740	2	0	1	4	3	1	1	3	1
BOOZ657273	4	4	4	4	4	4	4	4	4
BOST951608	4	3	3	4	4	4	2	4	4
BPFL593434	2	0	0	2	3	2	2	1	1
BPJV269637	3	3	2	3	3	3	3	4	3
BPKI206217	3	2	1	0	0	3	3	3	0
BPLK193915	4	2	3	3	2	1	3	3	3
BPQX596610	2	2	1	4	3	3	3	4	5
BPSC284475	2	4	2	4	3	4	3	3	2
BPYX583700	1	1	0	3	3	1	1	4	3
BQCF210879	4	3	3	3	3	3	4	4	4
BQJZ463474	3	3	3	4	4	3	4	4	4
BQKB444447	2	1	2	4	2	2	1	3	2
BQKM762839	3	3	3	2	2	3	3	2	2
BQLQ141979	3	2	2	4	4	4	3	3	4
BQWW321097	4	5	4	5	4	4	4	5	5
BRGQ463843	3	3	4	4	4	4	5	5	4
BRHD555170	4	4	4	5	4	4	4	4	4
BRHV640494	3	2	1	3	2	3	1	2	3
BRLR380184	4	2	4	3	1	1	3	4	1
BRNA801848	4	3	4	4	3	3	4	4	4
BROG749580	1	0	0	2	2	1	1	1	1
BRTA572614	1	2	1	2	1	0	1	2	3
BRUP611703	4	3	3	3	2	2	3	3	3
BRYM903703	2	0	0	1	1	1	1	1	1
BRYZ556220	4	4	3	5	3	3	3	4	1
BSGX200284	4	2	3	4	3	2	3	3	4
BTIH928714	4	3	3	1	1	3	4	3	2
BTVJ710920	3	1	0	2	2	1	0	0	2
BTVO242950	2	1	1	1	0	0	1	1	1
BTWH951368	4	2	1	3	2	2	5	5	5
BUCB382691	3	3	2	3	2	2	1	3	2
BUFQ519166	4	4	3	1	1	3	3	2	3
BUPJ498008	3	3	3	4	2	3	4	4	5
BUZJ404149	2	4	3	4	4	3	2	1	2
BUZQ662530	3	3	3	3	3	3	3	3	3
BVBP908540	3	3	2	3	3	3	1	3	3
BVMF290196	3	3	4	4	4	4	3	4	3
BVMX343001	3	3	2	2	2	2	3	3	3
BVNF543298	0	1	0	2	2	2	2	2	2
BVOL834705	1	0	1	3	1	1	0	2	0
BVXW480383	3	1	3	3	3	3	3	2	3
BVYN209294	3	3	2	4	3	3	4	4	4
BVZH372608	3	1	3	1	1	1	0	0	3
BWGU174320	0	2	0	3	3	1	3	3	3
BWHW708702	3	1	0	4	3	3	2	3	1
BWMI911453	5	3	4	2	3	4	4	4	3
BXCO500950	3	3	3	4	4	3	4	3	3
BXDW843469	3	3	3	3	3	3	3	3	3
BXLB340112	1	2	3	3	3	3	4	4	3
BXMW498289	3	1	1	3	1	1	3	3	3
BXRE737985	3	1	3	4	4	4	3	3	4
BXTI114927	1	1	0	0	0	3	2	0	0
BXUK159695	4	4	3	3	3	3	3	3	4
BYNJ983584	4	3	0	3	4	4	3	4	3
BYWA407364	4	3	4	2	3	2	2	2	3
BZBP416911	1	2	0	0	1	1	1	0	0
BZEM645670	4	5	5	5	5	3	3	4	4
BZKJ751793	1	0	1	3	2	1	1	3	4
BZLA276894	0	4	3	2	3	4	1	2	2
BZSU149676	3	2	1	4	3	3	4	4	3
BZXE565827	4	3	4	4	4	4	2	3	3
CADG183688	2	1	1	0	0	0	0	0	0
CAGC502569	4	3	3	0	0	0	1	2	2
CAIK208411	3	3	3	3	2	3	3	4	4
CAIQ847204	1	1	1	3	3	4	3	4	3
CAKZ125286	3	2	2	2	2	2	3	2	2
CAPC504624	3	0	0	3	1	2	2	3	3
CAYI426495	4	1	1	3	1	3	1	1	4
CBAB673449	1	3	0	3	2	2	3	1	0
CBFW651551	3	1	0	3	1	2	1	3	3
CBGB126459	3	3	0	4	2	2	3	4	3
CBIO335104	4	2	3	4	3	4	4	4	5
CBOS401693	4	3	2	3	3	3	4	4	4
CCBI548890	3	3	3	3	1	3	4	4	3
CCDY689744	0	0	0	0	0	0	0	0	0
CCPN245280	3	4	3	2	3	3	2	3	0
CCVW661458	0	2	0	2	2	1	0	0	3
CCYD543222	3	3	3	4	4	3	4	3	3
CDEC867998	4	2	3	1	1	1	1	1	1
CDUS946930	2	1	0	3	4	1	2	3	3
CEEC518615	2	1	2	2	3	3	1	1	2
CEIL937332	3	2	3	3	3	3	3	3	3
CEQK685863	4	1	3	0	2	1	1	1	1
CETV400986	4	2	1	4	3	3	2	4	4
CEXM782526	4	3	0	3	4	3	2	3	2
CFKJ757534	5	5	5	4	5	5	4	3	4
CFLI812036	4	3	2	4	3	3	2	3	3
CFNK629440	3	3	3	4	4	3	0	3	2
CFTG743472	4	3	3	4	4	3	3	3	3
CFWW833829	2	1	1	3	4	4	4	4	3
CGER622884	3	1	1	2	2	1	1	1	2
CGOB295238	5	4	4	4	4	4	4	3	3
CGSP936444	3	0	2	4	2	2	4	4	5
CGTP629169	3	2	3	3	2	3	3	3	3
CGWH667128	4	3	2	5	4	2	4	4	4
CGYO564839	2	2	2	2	3	2	3	3	3
CHQC610379	0	3	1	3	3	2	3	3	3
CHUC407904	3	3	2	2	3	2	1	2	2
CHXU126790	3	2	2	4	3	2	3	1	1
CHZC735483	4	0	3	2	3	3	4	4	3
CIHM782468	5	4	4	1	4	4	4	3	4
CIJT977788	1	5	2	3	2	4	4	4	4
CIPT402205	2	2	2	4	3	4	3	3	3
CIVG550828	3	2	1	3	3	2	3	2	2
CIVV469409	5	3	5	4	2	3	3	3	5
CIZZ472046	4	2	2	4	4	4	2	2	3
CJIO708848	3	3	0	4	3	3	4	4	3
CJKO153186	5	3	3	4	3	2	3	3	3
CLBF158665	3	0	1	3	2	1	3	4	2
CLLN485205	1	1	1	1	1	1	1	1	1
CLLS748687	0	0	0	3	3	3	2	3	0
CLTF358168	1	1	1	4	3	3	4	3	2
CMPC748347	4	5	3	4	3	3	3	3	4
CMQJ967626	3	2	3	4	3	3	3	3	3
CMSS833075	3	0	0	1	3	3	0	3	3
CMUI165843	1	1	0	4	2	2	3	3	3
CMVE760383	5	2	4	5	4	4	2	4	4
CMVZ924032	2	5	3	4	1	1	3	3	5
CMZU768319	2	1	2	3	3	2	4	4	3
CNAZ711219	4	3	4	5	3	3	5	5	3
CNEX293743	3	2	1	4	4	4	3	3	3
CNVM926288	3	3	4	3	3	3	4	4	4
CNXJ698231	3	4	3	3	2	1	4	4	4
COCY869814	1	1	1	1	1	1	4	4	4
COJW609433	4	3	3	4	3	4	3	4	4
COLZ165658	4	4	4	4	4	4	3	4	4
COMW181690	3	3	3	4	4	4	3	4	3
COUP401535	2	1	0	2	1	1	0	2	2
CPNG969060	2	3	3	4	1	3	3	4	4
CPPM669896	1	1	0	3	2	2	3	3	3
CPYL980884	3	2	1	2	2	3	2	2	1
CQEU259676	4	0	4	4	4	0	4	4	4
CQFF847013	3	2	3	4	3	3	3	4	3
CQFJ350746	2	0	0	4	1	0	1	4	4
CQIB763245	4	3	1	3	2	4	3	3	3
CQKQ462141	3	2	0	3	3	2	3	4	3
CQOH292866	3	4	2	4	3	3	4	4	4
CRCG832306	4	1	2	4	4	3	4	4	4
CRJV856883	3	4	3	5	3	3	3	5	5
CRNE977539	4	1	3	4	4	3	4	4	4
CRQE382625	1	1	1	3	3	3	4	4	3
CRSY219097	3	3	4	4	3	3	4	4	3
CSIL987514	3	2	3	3	4	4	1	4	2
CSJG861378	4	1	0	4	4	3	3	3	3
CSKI150068	2	1	0	4	4	3	3	4	2
CSLA110180	0	0	0	4	3	3	3	4	2
CSSL526818	2	2	1	4	3	2	3	4	3
CSVL588200	1	3	2	1	1	2	1	1	2
CSWG657083	5	2	3	3	1	0	0	1	2
CSYL271355	0	0	0	0	0	0	0	0	0
CTKZ359162	4	3	2	4	5	5	3	3	4
CTYZ573308	3	2	3	1	1	2	1	2	3
CUUZ958319	4	3	2	1	3	5	2	2	2
CUVN746173	4	4	3	4	4	4	4	4	4
CVCC142407	4	2	4	2	2	3	3	4	4
CVND321322	3	2	4	4	5	3	3	1	3
CVNV643458	2	3	1	4	3	3	3	4	4
CVRJ906123	3	2	3	4	4	3	3	4	2
CWCS551430	3	3	3	3	3	3	3	3	3
CWIB746528	3	0	3	3	3	4	1	0	3
CWMD218424	3	2	1	3	2	2	3	3	3
CWOG374970	3	1	2	5	3	1	4	3	3
CWSL421375	4	1	0	4	4	2	1	3	3
CWXB492201	3	4	5	4	3	4	4	3	3
CXAP990366	4	3	3	5	3	2	2	4	3
CXBK577262	3	3	3	4	4	3	3	4	4
CXFZ754991	2	0	1	3	1	1	2	3	3
CXHY230694	4	3	5	3	4	3	4	4	3
CXKL809077	4	2	1	3	3	2	3	3	3
CXTI129571	3	3	1	2	0	3	4	2	1
CXUA883715	4	1	0	2	0	4	4	4	3
CXUI704675	2	2	3	4	3	4	3	3	3
CYAF753377	5	4	5	4	2	4	4	4	5
CYCK120003	4	3	3	3	3	1	4	4	4
CYCY293758	1	2	0	2	1	1	1	2	3
CYGS559027	4	0	2	0	0	1	2	1	0
CYIR597316	2	2	1	4	3	2	1	2	2
CYKT622531	2	2	3	4	3	4	4	4	3
CYKU779617	4	4	4	4	4	3	3	4	3
CYRC332757	3	3	0	1	1	1	1	1	1
CZAC716901	4	3	3	2	4	3	1	3	2
DAEE889860	3	0	0	3	3	4	2	3	4
DAFJ455001	1	1	2	3	2	2	1	1	1
DAIN606454	5	4	4	1	1	4	1	1	2
DAVV882943	1	0	0	2	1	0	1	1	3
DBDV459252	5	3	3	3	3	4	4	4	5
DBLF882458	3	1	1	3	2	2	3	3	4
DBNM512848	2	1	1	2	2	3	3	4	3
DBPS637464	4	4	3	3	3	4	4	4	4
DBRT961801	3	2	4	3	3	3	3	3	3
DBTH848438	4	5	5	2	3	3	4	4	3
DCBG940194	1	2	0	1	3	3	0	1	1
DCJF206944	3	4	4	5	5	5	3	3	4
DCNB985481	1	5	3	1	1	1	1	1	0
DCNT378532	4	0	0	4	3	1	3	4	4
DCRO973976	2	0	1	3	3	1	0	1	1
DCTW986902	0	0	0	2	1	1	1	2	2
DDAJ158899	4	4	3	1	4	4	4	4	4
DDEX485313	3	3	3	2	2	2	2	2	2
DDFO618480	4	4	4	3	4	4	4	4	5
DDGN973405	2	2	0	2	1	3	1	1	0
DDOW971510	3	2	2	3	3	2	3	3	3
DDRU345494	3	0	3	2	1	1	2	4	4
DDTX424547	2	2	0	3	1	3	3	3	3
DDUQ736844	0	0	0	1	0	0	1	2	1
DDZV529507	2	1	0	4	3	1	4	4	4
DEBY463370	3	3	2	4	3	3	3	3	3
DEKC741671	4	3	3	3	4	4	3	3	4
DEKZ314634	4	4	4	1	3	3	3	3	2
DEUC474846	2	2	2	3	3	3	3	4	3
DEVC137537	3	5	3	3	2	3	4	4	4
DEVG629546	2	0	1	3	1	1	3	3	2
DFAW493780	4	4	4	1	1	2	1	2	3
DFCQ275961	4	5	5	3	4	4	0	3	3
DFGI417231	3	3	4	4	3	4	3	4	4
DFIY891358	1	1	0	3	1	1	4	4	4
DFQS130078	3	3	2	3	3	3	3	3	3
DFVR299987	3	3	4	4	3	3	4	4	4
DGAR130733	3	4	3	4	4	4	3	3	3
DGLM914668	0	0	0	2	2	1	3	3	2
DGOV407588	3	3	1	2	2	3	3	1	2
DGQA129365	3	5	4	1	1	1	1	1	1
DGUV571407	4	3	4	4	5	5	2	3	3
DGWI102763	4	5	5	4	4	5	3	2	2
DHLX293372	2	0	2	2	2	3	1	0	1
DHYM569462	4	4	5	4	5	5	5	4	4
DIKG521656	3	2	1	3	4	4	3	4	4
DITH413932	2	0	1	2	3	4	0	1	2
DJEH440252	1	1	0	3	3	1	3	3	3
DJEY865192	2	2	1	1	0	0	0	2	1
DJHK875136	3	0	0	4	4	4	2	1	0
DJIE482904	2	4	3	1	3	2	1	3	4
DJJG250744	2	2	2	3	2	2	3	3	2
DJLZ871019	5	5	5	3	1	3	3	3	2
DJPF662731	2	1	1	2	4	3	2	1	2
DJSR404067	3	1	2	2	4	4	2	3	0
DJYY131471	4	0	1	5	3	3	2	3	4
DKAY579730	2	1	3	3	2	3	3	3	1
DKGU987654	5	4	4	3	3	4	4	4	4
DKMH400593	3	2	2	4	3	2	4	3	4
DLAH797110	3	3	3	4	4	4	4	4	3
DLJX578861	2	2	2	4	3	3	2	4	4
DLPY712907	3	2	1	5	2	2	3	4	4
DLSM389289	2	1	3	4	3	3	3	4	3
DMAK362853	4	5	5	2	2	4	3	4	4
DMIT831935	4	3	4	4	4	3	4	4	4
DMLC912433	3	2	1	2	3	3	1	1	2
DMPY311375	3	1	0	3	3	3	2	3	1
DMSZ724613	4	0	0	4	4	4	4	4	3
DMTN207438	3	3	3	3	3	3	4	3	4
DMTQ315426	4	3	3	1	1	0	1	4	3
DNDA213030	3	2	2	4	4	4	3	3	3
DNTS163029	2	2	2	4	3	3	4	4	3
DNTZ146514	3	4	2	1	2	3	0	1	1
DNUZ138690	4	5	5	4	4	4	5	4	4
DNVY582541	2	2	3	3	3	2	4	4	3
DOCE736929	3	2	0	4	4	4	1	3	3
DOEI520744	4	3	4	4	4	4	4	3	4
DOHS198486	4	3	3	4	4	3	4	4	4
DOIU702699	2	0	0	3	3	1	3	1	1
DOOY690168	3	1	2	2	1	0	2	2	3
DOPU442177	3	0	2	3	3	1	1	0	1
DOVS872932	3	2	3	2	3	3	2	1	2
DOVV595926	1	0	1	2	1	1	3	2	3
DPCZ693703	2	1	1	3	3	3	4	4	3
DPHX932145	2	2	1	3	4	4	3	3	3
DPJY890793	1	4	2	3	4	3	2	1	0
DPLY595192	1	0	0	0	1	3	1	1	1
DPMG975149	3	4	3	3	5	5	4	1	1
DPSV400114	2	2	0	0	3	1	2	3	0
DPVH735876	5	3	4	4	5	4	4	3	4
DPXE154069	1	0	0	3	1	2	1	1	3
DQIJ729607	3	4	4	1	2	2	2	4	4
DQMB866683	2	2	2	3	2	1	3	3	2
DQOF865432	4	5	5	5	5	4	4	5	5
DQPW408975	3	4	4	4	4	4	4	4	4
DQQY643159	2	1	0	2	2	2	3	1	1
DQRQ174508	0	0	0	0	0	0	0	0	0
DQSP868337	3	2	3	4	4	4	2	2	2
DQWF294356	3	4	3	3	3	3	2	2	3
DRIO524826	3	3	3	3	3	3	3	3	3
DRKZ975457	3	3	3	2	2	2	4	3	4
DRLO549120	3	0	0	3	2	3	4	4	3
DRTI818726	4	3	3	4	2	3	4	4	3
DRWD920713	2	1	2	3	4	3	1	1	0
DRXB570241	3	4	3	2	3	4	2	3	4
DSNK616504	4	0	3	2	5	4	2	3	3
DSQH887659	3	3	1	2	3	3	2	3	3
DTGE142726	3	1	3	4	3	2	4	4	2
DTIE791006	4	1	2	4	4	4	4	4	4
DTJM509968	0	1	0	4	3	3	3	4	0
DTKB636227	3	1	1	0	0	0	3	2	1
DTPK263641	0	0	0	0	0	0	0	0	0
DTRR513741	3	2	3	3	3	3	2	3	3
DUMA146261	3	3	3	3	3	3	4	4	3
DUTX357503	0	0	0	3	3	2	4	4	3
DVAZ216629	3	3	3	4	3	4	4	4	4
DVNP310353	3	3	3	3	4	3	3	3	3
DVPQ316047	3	2	2	2	3	1	1	0	1
DVWO420167	0	1	0	4	1	0	3	3	1
DVXS690248	0	0	0	0	0	0	0	0	0
DVYC207631	3	3	3	5	4	4	4	4	4
DVZE422804	3	1	2	4	3	2	3	3	2
DWEH990195	2	1	1	3	4	4	3	3	3
DWNF179255	3	3	4	4	4	3	4	3	4
DWPF917292	2	2	2	2	2	1	3	3	2
DWPH200784	3	4	3	3	4	4	3	3	3
DWVL519901	1	2	1	3	3	2	3	4	2
DWXY352760	3	3	3	4	4	3	4	4	4
DWYB348051	3	3	3	3	3	3	0	1	3
DXCS922789	3	1	3	1	1	1	0	1	1
DXDO421594	4	4	4	4	4	4	4	4	4
DXDR947788	3	2	2	2	1	0	2	3	3
DXTO596751	1	1	1	2	3	2	2	2	2
DYGN452904	1	1	1	4	4	3	4	4	4
DYKT493947	1	1	1	2	3	1	2	2	4
DYKV558123	3	0	0	4	2	1	3	3	3
DYLU800558	0	2	0	2	0	0	2	3	3
DZCC809736	4	4	4	4	4	4	4	5	5
DZGF760954	4	3	3	3	3	4	4	4	4
DZSJ153803	3	3	3	3	3	3	3	3	3
DZST671087	3	2	3	4	3	5	3	3	4
DZWS379469	0	0	0	2	1	0	1	1	1
DZXW648467	4	2	4	3	3	3	4	4	4
DZZP258242	2	2	2	3	2	2	1	3	3
EAEN100867	0	1	1	2	1	0	3	3	4
EAOG719708	1	0	0	2	2	2	2	3	3
EAPA834498	4	1	1	4	3	3	4	4	2
EAZZ978652	2	3	2	4	3	3	3	3	3
EBQS946157	3	2	1	4	2	1	3	3	4
EBXB670939	3	3	2	5	5	5	4	4	3
ECDT719253	3	1	1	2	1	1	2	2	2
ECHU414359	3	3	3	4	4	3	4	4	4
ECQE549792	0	0	0	0	0	0	0	0	0
ECVJ632470	4	2	4	3	3	1	3	4	2
EDAN481065	3	3	3	4	3	3	1	3	4
EDXW898356	3	4	3	5	4	4	4	3	4
EECV409736	4	2	1	4	4	3	1	3	3
EEJF464174	4	1	3	4	3	3	3	4	3
EEMZ349509	3	2	3	3	3	2	3	4	4
EEWD336425	0	0	0	1	0	0	2	1	0
EFAY749148	4	3	4	3	3	4	1	1	2
EFGM346139	4	3	2	4	3	3	4	3	5
EFIA611767	5	3	3	5	5	5	3	4	5
EFLW874086	3	3	1	4	4	3	4	4	3
EGBQ632851	4	2	3	4	3	2	4	4	3
EGLW279236	3	3	3	3	3	3	3	3	3
EHAD802496	2	2	2	2	2	2	2	2	2
EHAR295709	3	3	2	3	3	1	3	3	3
EHGK339259	4	4	5	5	5	4	3	3	3
EHHM924788	3	3	3	3	2	3	1	3	3
EHJG337902	0	0	0	0	0	0	0	0	0
EHOE334418	5	5	5	5	5	5	2	4	4
EHPH551638	4	3	4	4	4	4	4	4	4
EHRM193085	4	3	3	4	4	4	3	3	3
EHSQ544333	3	3	3	1	4	4	1	0	1
EIBB682937	2	1	0	3	1	1	2	3	4
EIGN222101	3	2	2	4	3	3	3	3	4
EIMR622938	3	2	2	4	3	2	4	4	3
EIPB968556	3	3	4	4	4	2	4	4	4
EIXX739129	3	4	4	4	3	4	3	3	0
EJAA153451	0	0	0	1	1	1	1	0	0
EJFD319725	4	4	3	3	3	4	5	5	5
EJFF231023	0	0	0	4	3	2	3	3	4
EJNG725431	3	3	3	1	3	4	3	3	2
EJVT399139	4	4	1	4	4	3	0	1	2
EJWM220164	2	4	3	4	1	3	3	3	3
EJZG463173	4	3	2	3	3	1	3	3	3
EJZP361700	3	2	3	3	3	4	4	4	4
EKMU761220	2	0	2	4	4	4	2	3	4
EKTJ417450	3	3	2	3	3	2	1	3	3
EKTT341955	1	1	0	2	3	2	2	3	3
EKUX831650	4	4	4	2	1	1	3	4	4
EKVK378196	5	2	1	2	4	3	2	3	3
EKYW401828	3	3	3	4	4	4	4	4	4
ELAG922530	4	2	2	1	3	3	0	0	2
ELCT207431	4	4	4	4	4	4	3	4	4
ELDI546684	1	0	0	2	2	1	2	3	2
ELDR430936	0	0	0	0	0	0	0	0	0
ELHC395811	3	2	2	2	3	3	2	4	1
ELHQ948511	0	0	1	1	1	0	1	1	1
ELHY554930	4	3	4	1	2	2	1	1	2
ELIM840098	5	5	5	4	4	3	5	5	5
ELRM239696	3	2	1	3	3	2	4	3	5
EMEG622994	4	2	2	3	4	4	3	3	3
EMKL184451	4	1	3	3	3	3	1	2	1
EMQV174885	5	3	5	5	5	5	4	4	3
EMVJ191997	4	4	3	4	4	4	1	3	3
ENGR682000	4	3	1	3	3	2	4	4	4
ENHH681727	4	1	0	4	3	3	4	3	2
ENOT588175	3	5	4	3	2	5	0	4	3
ENUA831992	4	3	2	4	3	3	4	4	2
ENWI745254	2	1	2	4	2	2	4	3	4
EPEA509482	3	2	1	3	2	2	3	3	4
EPGA853213	4	4	4	0	4	5	3	1	1
EPJL899405	5	3	4	1	5	5	3	3	2
EPMA202707	3	2	3	2	1	2	0	3	4
EPXG333301	2	1	3	4	2	1	2	3	3
EQAD134892	0	0	0	3	3	1	4	4	3
EQJP453914	4	3	4	3	4	3	3	3	3
ERSH851727	3	2	2	4	3	3	3	3	3
ERSK793837	4	3	2	4	3	3	1	4	4
ESDB340649	3	3	0	4	3	4	4	4	4
ESDI500168	3	0	5	3	2	2	4	4	4
ESQZ969518	1	2	0	4	3	1	3	4	5
ESSE741751	3	3	1	3	3	2	3	3	2
ETFD634646	3	0	0	3	4	0	4	5	4
ETGE714359	4	2	3	3	3	3	3	2	1
ETGK433279	5	5	4	4	5	4	5	5	5
ETIC763866	3	2	0	3	3	2	1	2	2
ETJF136524	4	0	0	4	3	3	4	4	4
ETRK237216	4	4	4	4	3	4	3	4	4
ETSR207562	4	3	3	2	3	4	3	1	3
ETUV317576	1	3	2	1	0	0	2	2	1
ETYO649368	3	4	3	3	3	3	4	4	4
EUAR350987	3	3	3	3	4	4	4	3	4
EUJL382408	1	0	0	0	1	1	1	0	1
EUPA541043	2	2	1	4	2	2	1	4	3
EUQH731572	2	3	3	3	4	3	0	0	0
EURN136616	5	4	4	5	3	4	4	4	4
EUWK444462	4	3	3	4	4	4	1	3	4
EVCD190290	4	3	3	4	3	3	3	3	4
EVCU884228	0	0	0	2	0	0	1	1	1
EVLC102407	5	5	4	3	4	5	4	4	4
EVNU789574	4	4	4	4	5	5	5	5	3
EVUO525532	4	3	4	3	3	3	3	3	3
EVXC122576	3	3	2	3	3	2	4	4	4
EWGF885533	4	4	3	5	4	5	4	4	3
EWYR900429	3	2	3	3	3	3	1	3	2
EWZY473319	3	4	4	3	3	4	3	2	4
EXHO889264	4	4	4	4	3	4	4	4	4
EXMR892451	4	2	4	4	4	4	2	3	4
EXNE350473	3	2	3	4	2	3	4	3	3
EXSU716809	3	3	1	3	3	3	3	3	4
EXZI606105	4	4	4	3	1	3	4	3	4
EXZM499829	3	2	2	4	3	3	3	4	5
EYNW222578	4	2	1	4	4	4	3	4	4
EYTB941497	3	2	2	3	3	2	3	3	3
EYUT527062	4	4	4	3	2	3	2	3	3
EZGS243482	1	1	1	3	2	2	3	3	4
EZLU320567	2	0	0	3	3	3	1	3	1
EZQO576246	3	3	3	4	3	3	4	4	3
EZZW552668	4	1	0	4	3	3	3	4	4
FAAS642945	3	2	1	2	3	2	1	3	2
FAPK386399	3	3	3	2	2	2	2	0	2
FBHX697271	3	0	2	3	2	3	0	3	3
FBLI288831	0	0	0	1	0	1	2	2	1
FBLM596150	4	4	3	4	3	3	4	4	3
FBMJ570913	4	3	3	4	1	3	4	4	4
FBRO251639	4	3	4	5	4	3	4	4	4
FBYM339186	4	4	4	4	4	4	4	4	4
FCIJ142206	2	3	0	3	3	3	3	3	3
FCQM247055	0	0	0	2	1	1	1	2	2
FCSA196975	1	1	1	1	1	1	1	1	1
FCSR360183	3	2	2	4	4	3	4	4	3
FDCN109062	3	1	2	4	4	3	3	3	2
FDDF655669	3	1	1	3	3	3	1	4	4
FDNC712883	1	0	0	2	2	1	3	4	4
FDPW572165	3	3	3	4	3	2	3	4	4
FDYQ933162	4	0	1	2	4	0	4	4	4
FEDE792607	3	3	3	5	4	4	4	3	4
FEGP908341	4	1	4	0	0	1	1	2	1
FEYP931545	1	1	1	4	4	3	4	4	4
FEZZ829093	3	3	2	3	2	4	2	3	1
FFEJ882809	4	4	4	3	4	4	2	2	3
FFHQ797619	0	0	0	3	2	2	4	4	4
FFHZ954133	5	5	5	3	4	4	1	0	0
FFQM207140	3	2	3	4	4	4	3	3	4
FFXX492517	1	3	3	5	4	3	4	3	5
FFZB143683	4	3	4	1	4	3	1	2	3
FGBI768382	3	3	3	3	3	3	3	3	3
FGEC132316	4	0	4	2	2	2	2	1	3
FGEH745722	5	3	4	2	2	1	3	3	3
FGEN590461	1	3	0	3	2	3	2	3	2
FGFG331033	3	1	0	3	2	3	2	2	2
FGFM149024	3	2	2	4	3	3	3	3	4
FGKF372075	2	1	3	4	3	3	4	4	3
FGNH112695	3	2	1	3	1	1	3	4	3
FHCW869374	2	2	2	3	3	3	2	2	3
FHDI652566	3	0	0	2	3	3	3	3	2
FHOZ517880	3	1	2	3	2	3	2	2	1
FHPZ675366	1	3	4	4	4	4	4	4	4
FIPN531291	3	5	3	3	1	1	5	4	4
FJJA171604	3	3	3	4	4	4	4	3	4
FJLC187327	2	2	2	2	2	1	3	3	4
FJLD839240	3	2	2	2	2	2	1	2	3
FJQR811870	3	3	3	3	4	4	1	1	3
FJSV349033	5	3	4	5	3	3	4	4	3
FJUK770363	3	1	1	3	4	0	2	3	0
FJUR325688	4	3	4	2	4	4	3	3	4
FJZV612419	3	0	0	3	4	3	3	3	3
FKDB784884	4	3	2	3	2	2	2	2	2
FKGN778255	4	1	2	2	1	2	2	3	3
FKML391747	3	2	0	2	1	1	2	3	1
FKRO310277	3	1	1	3	3	2	3	3	3
FKRU395379	5	4	4	5	5	4	4	4	4
FLAH863601	4	4	4	3	3	1	3	4	4
FLDU508656	4	3	1	4	1	4	3	3	4
FLIR653104	0	1	0	1	2	1	0	0	0
FLTG214034	3	3	2	2	3	2	4	4	3
FLTG546913	3	1	3	3	2	1	3	4	4
FLUR796597	4	2	3	2	2	2	2	2	2
FLVJ855940	4	4	2	4	4	4	4	4	4
FLXC672829	3	1	1	2	1	3	3	4	1
FMEA388674	4	4	3	5	4	3	3	4	3
FMGC760521	4	3	3	3	3	3	1	3	3
FMKN273036	1	1	1	1	1	1	1	1	1
FMQJ627534	3	0	0	3	2	1	0	1	2
FMXO353329	3	3	3	4	4	4	3	4	4
FNFD607510	4	3	4	4	4	4	5	5	4
FNGV251543	3	3	3	2	3	3	3	3	3
FNQV638103	4	3	1	3	1	3	3	4	4
FNYK648778	2	0	0	3	2	1	3	3	4
FOCY319009	3	3	3	5	3	4	4	4	4
FODK118095	3	3	4	5	4	3	3	5	4
FOTF257697	4	3	3	4	3	3	4	4	4
FOTH624497	4	3	4	2	2	2	1	2	3
FOVI703899	4	0	5	4	4	4	3	3	3
FPQU245687	1	0	2	1	1	1	4	4	0
FPRX539152	3	3	3	3	3	2	4	4	4
FPZM440301	4	3	5	4	3	3	4	4	4
FQAL827720	5	4	4	4	4	5	4	4	5
FQBL770404	1	1	1	0	0	1	1	1	1
FQDS577761	3	0	1	2	0	1	2	3	1
FQGB480595	4	2	4	3	3	3	4	4	4
FQGY711427	1	2	1	3	3	3	2	1	3
FQRD502377	3	4	4	4	4	4	3	3	3
FQUZ906150	4	3	3	4	3	3	3	3	4
FQYV511979	3	3	2	4	3	3	4	4	4
FRAT376842	3	3	3	4	2	2	3	4	4
FRKJ408997	3	0	2	3	2	2	2	3	3
FRQS131184	4	3	2	4	4	4	4	4	4
FSEV999100	4	3	3	4	4	4	2	3	2
FSHN921850	4	4	3	4	4	4	4	4	4
FSNJ636443	5	2	3	2	3	3	2	2	3
FSSK939518	4	0	4	1	1	2	4	4	3
FTLI555979	2	1	1	1	3	1	3	3	2
FTNY883785	1	0	0	1	0	0	0	0	2
FTPY850118	2	3	3	3	4	4	3	4	3
FTUZ828897	4	3	3	3	3	2	4	4	3
FTZQ132394	5	1	2	2	4	3	2	2	2
FUKT144411	3	3	1	1	0	3	1	1	2
FURS866296	5	4	5	4	5	5	1	3	3
FUWI505224	4	5	4	4	4	4	4	4	4
FVCW730498	3	3	3	2	2	3	2	2	1
FVGM232948	3	3	3	4	3	3	4	4	4
FWIQ786708	0	0	0	0	0	0	0	0	0
FWKG843573	4	2	4	3	2	2	4	5	4
FWMB870713	3	0	1	1	1	2	1	3	3
FWQL705393	1	1	0	2	2	3	4	3	3
FWWS722974	3	2	1	4	3	3	4	4	4
FXDX980822	3	3	2	3	3	3	2	2	3
FXIJ239457	4	2	2	3	0	1	1	3	1
FXKR263623	4	1	1	2	2	2	1	2	2
FXPL243347	3	2	2	4	4	3	3	3	2
FXUO830409	1	0	0	3	2	2	3	4	4
FXYD797163	0	0	1	3	0	2	4	4	4
FYHJ972307	2	2	2	1	1	0	1	1	1
FYHV606701	3	1	1	3	2	3	3	3	3
FYJP513912	3	3	3	2	3	2	3	3	3
FYKR422098	4	3	3	4	3	3	4	4	4
FYQS844958	4	3	2	3	4	3	0	0	0
FYRB969822	1	0	0	2	1	1	2	3	4
FYYS841697	4	4	4	4	4	4	4	4	4
FZIK385134	4	2	2	3	3	3	4	4	3
FZOG261590	5	4	4	3	3	4	3	3	3
FZON574005	1	4	2	4	4	3	3	3	3
FZUM995798	2	1	1	0	0	1	0	0	1
FZUP425019	3	3	3	3	3	3	3	3	3
FZZQ223154	4	2	4	3	2	1	3	2	1
GAGY346892	4	3	4	1	0	0	3	3	1
GAOF756708	2	2	2	2	2	2	2	2	2
GARA630601	3	5	4	4	3	4	4	4	4
GAUE610480	3	2	0	3	1	1	1	3	4
GBAX484983	3	0	0	2	1	0	2	2	3
GBHZ521084	4	3	4	5	5	4	5	5	5
GBZK370700	2	2	2	3	3	3	4	4	3
GCAW778724	3	3	4	2	3	1	3	3	3
GCAY585053	4	3	4	4	3	2	4	4	3
GCBC455059	4	4	4	4	4	4	1	4	4
GCCZ915639	3	1	1	3	2	2	2	3	3
GCGP899273	2	5	3	5	5	5	2	4	3
GCJO402473	2	4	4	4	3	4	5	5	4
GCKF541387	4	1	1	3	3	3	3	3	3
GCMO802465	4	1	1	3	3	3	4	4	4
GCQH833504	3	3	3	4	3	2	5	4	4
GCUO899766	4	4	4	4	4	4	4	4	4
GDCH122962	3	0	1	4	1	1	3	3	3
GDDQ789658	4	5	5	4	5	4	3	3	3
GDFV982743	4	2	0	4	4	4	3	3	1
GDHP689276	4	4	3	5	4	5	4	4	4
GDOE512841	1	3	3	1	3	2	2	2	2
GDPH856086	1	3	0	3	1	3	2	2	2
GEBU893770	5	2	4	2	2	4	3	3	3
GERS703672	4	4	3	2	4	3	3	2	3
GESY240848	5	5	5	2	4	4	4	5	5
GFHI551291	0	0	0	2	1	1	2	1	3
GFLY180734	5	5	5	5	4	4	4	4	4
GFUK303725	3	2	1	4	3	4	4	4	4
GGMU710170	4	3	3	3	3	3	4	4	4
GHEY876667	4	3	4	3	3	3	3	4	3
GHHO333212	1	3	3	3	2	2	3	3	3
GHID783032	2	4	3	4	5	3	4	4	3
GHIJ870376	2	1	1	1	0	0	3	1	1
GHJL237985	2	1	1	2	1	1	4	3	2
GHMK671499	4	4	3	4	4	3	3	3	3
GHQG515958	4	2	4	3	3	3	4	4	4
GHUN404370	3	2	3	3	3	3	3	3	3
GHXH513880	4	4	4	4	4	4	4	4	4
GHXQ473143	1	2	4	1	3	3	3	3	1
GIJD437960	1	4	2	0	0	3	1	1	1
GIPR622845	4	4	2	5	5	2	3	4	2
GKDP723458	4	3	2	3	1	2	1	2	4
GKEA373216	4	3	3	4	3	3	2	3	2
GKEQ835793	1	3	3	3	3	3	2	3	4
GKIE865775	0	0	0	0	0	0	0	0	0
GKIL241518	3	2	3	4	3	3	3	4	4
GKOA541710	4	3	3	4	4	4	2	2	1
GLEG713813	2	2	3	1	2	2	1	1	2
GLEV488172	1	2	2	0	2	2	2	2	2
GLFY913982	1	2	2	4	3	1	3	4	4
GLKC727268	4	3	3	4	4	4	4	4	4
GLLM680147	3	3	3	4	1	1	3	4	4
GLTV929614	3	2	2	3	3	3	3	4	3
GLUT476164	4	4	3	5	4	3	3	3	4
GLZS490652	3	4	1	2	1	1	2	2	3
GMFC947421	3	4	4	5	4	3	4	4	4
GMPG558298	4	4	5	4	4	4	5	5	4
GMVM958275	3	5	4	3	4	4	4	3	4
GMWR372835	4	0	4	3	4	1	2	4	3
GNCS783753	5	2	3	3	3	5	2	3	5
GNIG429401	3	2	1	3	3	2	3	3	3
GNNO301708	3	2	3	4	3	4	4	4	4
GNQH240040	3	3	2	3	3	2	3	4	3
GNQN555535	3	3	3	4	3	3	3	4	3
GNXP405514	2	2	3	3	3	2	3	3	3
GOCL223514	4	4	3	4	4	4	4	4	4
GOET189432	3	3	3	5	4	3	1	3	3
GOFS726614	3	5	5	4	4	4	4	4	4
GOGT313838	2	1	1	4	3	2	4	3	2
GOID343594	0	0	0	0	0	0	0	0	0
GOND536832	2	3	3	4	4	3	4	3	3
GOSB204783	3	3	3	3	3	3	4	4	4
GOTX415575	2	3	4	0	2	1	1	1	2
GOVM462316	3	1	2	0	2	2	3	3	3
GPEU215210	4	3	3	5	4	5	4	3	2
GPHF977627	1	2	2	2	1	1	2	2	2
GPJE760150	4	3	4	4	4	4	3	4	4
GPOE616088	3	3	2	3	3	2	2	4	3
GQNB892662	0	0	2	2	1	1	3	3	2
GQRQ964721	5	4	4	5	5	5	3	3	3
GQUB375033	1	0	0	3	1	0	4	2	2
GRBG811779	5	4	3	3	3	3	2	3	4
GRDM658576	0	0	0	1	2	2	0	0	0
GRFP812806	4	3	4	5	4	4	4	3	3
GRIK650764	3	4	5	3	5	5	3	3	3
GRJX535578	4	3	5	3	4	3	3	2	4
GRPS891037	4	5	5	5	4	4	5	5	5
GRQX758335	3	5	4	4	1	2	3	4	4
GRVE442539	3	1	0	4	3	2	1	3	3
GRVL234916	5	4	4	5	5	4	3	4	4
GRZM549198	1	2	0	4	3	2	3	3	2
GSSB115472	5	3	4	4	3	3	3	4	3
GTCO781735	1	2	2	2	2	1	1	1	2
GTEE550134	0	2	0	1	0	0	3	1	3
GTNS548488	3	2	2	4	3	3	3	3	4
GUGU379361	3	3	3	4	4	4	3	3	4
GUJZ599093	4	4	4	2	4	4	3	4	3
GUPO944145	2	0	3	3	4	4	1	1	2
GUXW436445	3	2	0	3	3	3	1	1	2
GVEI600693	0	0	0	2	2	4	3	4	0
GVEK995446	3	4	3	3	2	4	3	0	1
GVFR128849	1	0	0	3	3	2	1	1	2
GVLS307453	3	3	3	4	3	1	2	4	3
GVMZ292214	4	0	4	2	2	3	3	3	4
GVVF187061	0	0	0	0	0	0	0	0	5
GVYF407403	4	2	3	3	4	4	2	4	3
GWFX110860	2	2	0	3	3	2	1	2	2
GWYJ609578	4	1	1	3	3	3	2	4	4
GWYN321500	3	1	0	3	3	3	1	2	2
GXAG354754	3	3	3	3	2	2	1	3	3
GXNE742683	3	3	3	3	3	4	4	3	4
GXTF594838	4	2	1	3	3	2	5	5	4
GXYY404944	3	3	3	3	4	3	3	3	2
GYBY961940	4	2	0	4	3	4	1	2	0
GYDE754212	4	4	5	1	3	5	4	5	4
GYLT820612	3	2	2	4	4	3	3	3	2
GYUA892517	3	2	3	4	3	3	3	4	4
GZMH467612	3	4	1	4	2	3	3	4	3
GZNB836596	4	3	1	4	4	4	4	4	4
GZSH289309	4	2	2	3	3	2	4	4	4
GZTI691993	3	3	4	3	4	4	1	3	3
GZWX862621	5	2	4	4	2	2	4	5	5
HAET343348	5	3	3	3	5	4	3	3	3
HAIX169111	1	1	2	3	2	0	4	2	1
HAKI202751	5	3	4	2	3	4	3	3	3
HANM698251	3	4	4	0	3	2	2	4	0
HAQC963216	3	2	0	3	3	3	3	4	3
HAUW924096	3	2	1	3	1	1	2	1	1
HBEY442020	4	2	2	3	3	1	2	2	3
HBJD443518	4	2	3	4	3	3	4	3	3
HBJK944521	4	3	1	4	4	3	3	3	4
HBKB800758	4	4	4	4	3	3	4	4	4
HBNK158940	3	3	3	2	2	2	0	0	2
HBOC140787	4	4	4	5	5	4	4	5	5
HCAP174259	3	3	3	4	3	2	4	4	3
HCEA703978	4	3	4	5	4	4	5	5	3
HCIY559526	4	3	4	3	4	3	3	4	4
HCVS192627	4	4	5	5	5	4	4	4	4
HDBE477074	3	4	3	3	4	4	3	4	4
HDJQ513191	5	3	3	5	3	4	4	5	5
HDNA162123	3	2	3	3	3	3	0	0	0
HDPU874001	2	0	0	1	1	1	2	2	1
HDQG788898	1	3	1	4	3	2	4	4	3
HDSP103632	3	4	2	4	4	3	3	3	2
HDWR162178	3	2	2	3	3	3	1	3	2
HEKW738502	3	2	0	4	2	2	3	4	3
HELP223585	3	0	0	3	3	0	0	1	3
HEOJ100511	3	4	4	3	3	2	3	3	3
HEUK373545	4	3	4	4	4	4	3	4	4
HEWW685844	2	0	0	3	2	3	4	4	4
HEYE710454	3	3	3	4	3	3	3	3	3
HFUR641603	0	0	0	0	0	0	0	0	0
HFXS697466	3	2	2	5	3	3	4	0	4
HFXW908887	3	3	2	4	3	3	3	4	3
HGGP764956	5	4	4	4	3	3	5	5	2
HGJL407467	4	3	3	4	4	3	3	3	3
HGJW193554	4	3	4	4	5	4	1	2	0
HGKF520320	1	2	2	4	2	4	3	4	4
HGOX442304	3	2	2	4	3	3	4	4	3
HGYA362582	4	5	4	5	5	5	3	4	5
HHAJ622811	0	0	0	1	0	1	1	0	1
HHBH423445	4	3	4	3	4	4	4	3	4
HHFC694370	3	2	2	4	3	3	2	2	4
HHMB191911	2	1	1	4	3	4	2	2	4
HHSW644796	0	3	0	4	3	5	4	4	4
HHUD432837	3	5	2	2	4	4	1	1	0
HHWC650517	4	3	5	4	5	5	4	4	4
HIGO592077	1	1	2	2	1	1	1	1	1
HIMD382199	5	4	4	4	4	4	4	4	4
HIQN612954	4	4	4	3	3	4	3	2	3
HITW268306	1	0	1	4	3	0	3	2	2
HIUV987952	3	2	2	4	3	3	4	4	4
HIZA362241	4	4	3	3	3	3	4	4	4
HJFY200596	4	3	3	3	4	4	1	3	3
HJKX634419	3	3	3	3	3	3	3	3	3
HJNA323845	3	2	3	4	3	3	3	4	3
HJOF799473	3	3	2	4	3	3	4	4	4
HJXL852476	4	2	1	4	2	1	1	2	3
HKBB285288	3	1	1	4	3	1	3	4	4
HKBS285570	3	2	1	4	3	3	3	3	4
HKJK128717	3	2	3	4	3	3	4	4	4
HKKH765915	1	1	3	4	3	2	3	4	4
HKLL696095	1	1	0	5	4	5	3	2	1
HKNQ679548	3	3	3	4	4	3	4	4	4
HLFS799658	3	2	3	3	3	3	4	4	3
HLJH226902	3	3	2	4	3	3	4	4	3
HLJJ905576	2	1	1	4	2	2	4	2	1
HLSE433080	4	4	4	5	4	2	4	4	1
HLTK547695	3	3	3	4	4	3	4	4	4
HLXO471928	3	3	2	4	4	3	3	4	3
HMAN347421	3	2	3	2	1	0	4	3	3
HMEU393145	3	1	1	1	0	0	0	2	1
HMFW147624	0	4	4	4	0	4	4	4	4
HMSU433859	2	1	1	3	3	3	3	3	2
HMUA829801	5	5	4	4	4	4	4	4	5
HMXW752874	3	3	3	4	3	3	2	4	4
HNAX937353	4	5	5	5	4	4	4	4	4
HNBP523896	5	5	4	5	4	3	4	4	4
HNBS383183	5	4	4	5	5	5	0	0	3
HNFD646935	2	2	1	1	1	2	2	2	1
HNIJ908032	3	1	2	4	4	2	4	3	4
HNJI199095	0	1	0	3	4	3	1	1	3
HNKD384707	4	5	5	5	4	3	4	4	3
HNKF553913	4	2	2	4	3	3	3	4	5
HNRI457366	4	3	3	4	4	3	2	3	3
HOTL562997	0	4	4	1	3	4	1	1	1
HPOK856208	5	3	4	5	4	5	4	5	5
HPUV372959	4	3	4	4	4	4	3	4	5
HPZA856625	5	4	5	3	3	3	5	5	5
HQAB629614	2	2	1	2	3	2	1	0	0
HQCM541998	2	1	2	4	5	3	2	3	4
HQNL220518	5	2	4	5	5	5	3	4	3
HQQK632757	0	2	0	3	3	2	2	2	1
HQQP961367	3	3	3	3	3	4	4	4	3
HRGZ776274	3	3	0	4	4	3	3	3	3
HRKU117276	1	4	4	1	4	3	1	1	1
HRNI822135	4	2	1	4	3	3	4	4	4
HRWZ624327	5	3	2	4	4	3	4	4	3
HSBR201785	4	0	2	2	2	1	4	4	2
HSEN217470	4	1	3	2	2	2	2	2	2
HSGL531910	3	1	3	5	1	0	3	1	3
HSGU816565	4	4	4	5	5	4	3	3	3
HSMY415246	0	0	0	0	0	0	0	0	0
HSWO387207	1	3	4	2	3	4	3	4	3
HTAP386796	4	1	0	4	4	3	3	3	4
HTEY289714	1	1	1	3	3	1	3	3	2
HTNT739730	2	4	4	4	4	3	4	3	4
HTON522603	3	4	4	3	3	3	4	4	3
HTPG315932	3	3	2	5	4	2	3	4	3
HTPZ357722	1	1	3	1	1	3	1	1	1
HUEL312037	4	3	4	4	3	4	3	4	4
HUGS939529	4	4	4	4	4	4	4	4	4
HUJW804363	0	0	0	0	0	0	0	0	0
HUNK535207	1	2	1	3	3	4	3	3	4
HVBC674432	4	4	4	4	3	5	3	4	5
HVKM765269	0	2	1	2	1	3	3	2	3
HVLO324034	4	3	3	4	4	4	4	4	4
HVME174832	4	0	0	4	3	2	0	3	3
HVNJ771531	4	4	3	3	4	3	3	3	3
HVQI162327	3	0	2	3	3	3	1	1	1
HVZH474792	4	3	2	4	4	3	1	3	2
HWEJ991075	3	2	2	4	4	4	0	2	1
HWNA222953	4	3	2	4	3	5	2	3	3
HWQF599394	4	5	5	4	4	4	4	4	3
HXLT943048	4	0	0	3	1	1	3	3	3
HXQY264607	3	3	1	3	2	3	4	4	4
HXSQ104348	1	1	1	4	3	4	3	4	1
HXWQ720847	2	1	3	3	3	3	5	5	4
HXXJ162560	3	2	2	5	5	4	3	4	4
HXZX972485	1	2	3	4	1	1	3	4	4
HYAS881831	2	3	1	4	4	1	3	3	3
HYCV643843	5	5	5	5	5	5	5	5	5
HYED862371	2	0	1	2	3	3	2	2	2
HYHP233951	2	0	2	1	3	2	0	1	2
HYLK612539	4	3	3	4	4	4	2	2	3
HYNG470048	0	1	1	0	0	0	0	0	0
HYOB230858	4	3	4	4	3	1	3	3	3
HYOC555279	4	3	2	4	3	3	3	4	3
HYOC765425	5	5	5	3	2	2	3	3	3
HYSO629425	0	0	0	1	1	1	2	2	1
HZII822480	3	4	3	3	3	3	3	3	3
HZOX881382	2	1	0	0	1	1	0	0	1
HZPP433044	3	2	2	2	3	3	4	4	3
HZPP529041	4	4	3	3	3	4	3	3	3
IADW554277	4	4	2	3	3	2	2	2	4
IANH558259	4	4	3	4	4	4	3	3	2
IAYP863768	3	0	0	4	4	3	3	3	3
IBBQ821362	3	0	4	3	4	4	1	0	1
IBNM457516	3	2	3	3	3	3	4	4	3
IBPR935497	4	3	3	4	4	4	3	3	2
IBXF626371	4	3	2	4	3	3	2	5	3
ICJI502404	4	3	3	3	3	4	1	2	3
ICQD964873	4	4	2	5	3	2	3	4	3
ICUP794128	5	2	4	4	3	3	3	4	5
ICVB101550	0	0	0	1	0	0	0	0	0
ICVF473537	3	2	3	2	3	3	3	3	3
ICWI165429	4	4	3	4	4	3	3	3	3
IDFE132861	3	2	1	4	3	3	4	4	3
IDHB762043	4	3	3	3	4	5	1	2	3
IDHW469785	5	3	3	5	5	4	3	4	4
IDLJ775922	3	1	1	1	1	1	1	1	1
IDNP933457	1	0	0	3	1	1	1	3	3
IDSL313830	2	1	2	3	3	0	2	4	4
IDVB852940	3	1	2	4	4	5	4	3	4
IEAQ667127	4	4	4	5	4	5	3	4	4
IEHG102514	5	4	5	4	4	4	5	5	4
IEMM602308	3	3	2	2	2	3	2	2	2
IENO528440	0	2	1	4	4	4	4	4	4
IEQB744706	3	3	2	4	4	5	3	3	3
IERU481731	0	1	1	4	4	1	3	3	1
IEYR720631	3	0	0	0	2	3	0	0	1
IFDZ886030	4	4	1	3	3	3	4	4	3
IFFY194838	3	3	3	2	2	2	4	4	3
IFKH526184	1	4	3	2	1	3	0	0	2
IGEV833888	4	3	2	5	4	4	0	0	1
IGGN420737	3	4	4	3	1	0	4	4	5
IGGN676725	4	4	4	4	3	3	4	4	4
IGIK493300	2	2	2	4	4	3	3	3	3
IGJE961950	1	4	1	1	0	2	4	4	4
IGQE631916	1	1	0	1	3	3	3	3	1
IGRA377231	2	2	2	4	3	3	4	4	3
IGRJ246707	3	2	3	3	3	4	3	4	4
IHIN937914	4	2	2	1	1	1	4	4	4
IHMX356877	3	0	0	1	1	1	1	1	1
IHPI310171	0	3	3	5	4	3	4	4	3
IHSS733206	3	2	4	3	4	4	4	4	4
IHTZ562524	0	0	0	3	1	1	3	3	1
IHYY106794	1	4	4	1	0	0	3	3	1
IIGU126671	0	0	0	0	0	0	0	0	0
IIHV518639	1	1	1	1	1	1	1	1	1
IIJD510873	4	4	3	3	3	4	4	4	4
IJOY774750	3	1	0	4	4	3	4	4	3
IJPV639818	4	2	3	1	1	1	2	1	1
IKDA372613	3	0	0	4	3	0	4	4	4
IKDO634428	4	5	4	4	5	4	2	3	1
IKEZ909715	3	3	0	3	0	0	1	4	3
IKFP661655	4	2	3	2	3	2	1	1	1
IKKX782587	4	0	0	4	4	4	4	3	4
IKNC621190	3	0	2	3	3	3	3	3	3
ILPG210303	4	4	4	5	3	3	3	4	3
ILPT127067	3	3	4	2	1	1	3	3	2
ILRB525670	3	0	0	2	0	2	1	3	1
ILWM140053	3	3	3	1	2	1	3	3	2
ILWW532889	4	4	3	4	4	3	2	5	5
IMFQ741199	3	4	3	4	4	4	4	3	4
IMIM746237	3	4	4	4	0	3	4	4	4
IMKD862789	2	2	1	3	1	0	1	2	2
IMLM783046	3	4	3	5	4	4	4	4	4
IMQK687064	2	2	3	4	4	3	4	4	4
INBU889568	5	4	4	5	5	5	4	5	4
INFJ102054	4	3	4	4	4	4	4	4	2
INRD516104	3	4	3	5	4	5	4	4	5
IOIE463808	3	3	2	3	2	1	4	4	4
IOKV694847	3	0	5	3	3	3	4	4	4
IONR752712	3	4	3	4	3	4	3	3	3
IOPD384946	3	3	1	3	2	2	2	3	2
IORL178186	2	2	2	1	3	3	0	0	0
IOVW742263	1	2	0	3	2	3	3	2	2
IPFW638405	1	2	1	3	3	0	3	3	3
IPOS409629	2	2	3	2	3	3	2	2	2
IPSE964803	4	2	3	4	4	3	1	1	1
IPSQ478882	3	1	0	5	4	1	4	3	2
IPUW388776	4	3	3	4	4	3	4	4	4
IPZO520123	3	1	2	2	1	1	0	1	2
IQOY429655	3	2	1	3	1	3	2	3	2
IQUS898259	4	3	3	1	4	4	3	2	1
IRFJ435174	2	0	0	3	3	3	3	4	3
IRKQ628951	3	0	0	4	4	2	4	3	3
ISAP895171	4	3	3	3	2	3	3	3	3
ISCL431063	3	3	3	3	3	4	1	2	3
ISFK189331	2	3	3	4	4	3	4	3	3
ISHQ929090	4	4	4	4	5	4	2	3	3
ISII991501	3	0	2	3	3	3	3	3	4
ISOE868094	4	3	3	4	2	3	4	4	2
ITDJ824352	4	1	0	4	4	1	3	3	2
ITPH169201	3	2	1	4	4	4	3	3	3
ITSA615691	1	2	2	0	0	1	0	0	0
IUCO127122	3	4	4	3	3	2	4	4	5
IUZV150734	3	3	3	3	3	3	3	3	3
IUZZ946923	3	0	1	3	1	0	1	2	2
IVDN430651	3	4	4	3	4	4	4	4	4
IVMQ769871	4	1	0	4	2	4	0	3	3
IVMS272766	4	5	4	2	2	4	1	3	3
IVPA462868	4	3	3	4	4	3	4	4	3
IVPI773288	2	3	3	3	3	3	3	3	3
IVPZ543330	0	0	0	0	0	0	0	0	0
IVXV797316	3	5	4	4	4	4	2	4	4
IWBB310304	3	3	4	3	3	4	3	3	3
IWDG364053	4	4	4	4	4	4	4	4	4
IWIP261026	3	2	2	2	1	2	2	2	3
IWKX980129	3	1	1	1	3	2	0	2	2
IWSN312009	5	3	3	4	3	3	4	4	4
IWXB548735	4	2	3	4	2	2	3	4	3
IXAC808217	3	2	3	4	4	3	4	4	4
IXBI700432	3	2	1	2	2	1	3	3	1
IXFL409204	2	2	0	2	1	2	1	0	0
IXFL491935	4	1	2	3	3	4	2	3	3
IXHJ637961	3	2	2	4	3	3	3	3	1
IXHO599289	5	3	5	3	5	5	5	5	5
IXWS685481	3	4	4	2	2	4	3	3	3
IXYA697085	4	3	4	2	3	3	1	3	2
IYBH316614	3	2	0	2	1	3	2	3	3
IYMQ807051	0	0	0	0	0	0	0	0	0
IYOD416919	5	4	4	4	3	3	5	5	4
IZGJ537741	3	0	0	2	2	1	3	4	3
JAHZ250997	5	5	5	4	4	5	4	4	4
JAPT716187	1	3	3	4	2	3	3	4	3
JASC161139	4	5	4	3	3	4	5	5	4
JBDQ869472	2	0	0	2	1	2	1	1	2
JBGV250987	3	3	3	3	3	2	1	2	2
JBIC278683	1	2	2	3	3	3	3	2	3
JBMC180324	0	0	0	2	1	2	2	1	2
JBRC217662	3	1	1	3	2	1	3	3	3
JCCG104113	4	4	4	3	4	4	2	3	3
JCDM736300	3	3	3	3	4	4	1	1	1
JCSQ324762	4	0	1	3	3	3	4	4	5
JDRD902155	0	1	0	3	1	0	2	2	2
JDWY861084	3	4	3	4	4	3	3	4	4
JEBW135052	4	0	0	1	4	4	4	4	4
JEED669158	5	5	5	4	5	5	5	0	5
JERA726973	4	3	2	3	4	3	4	4	3
JERY322515	3	0	3	2	2	1	1	3	1
JEXS430424	4	4	4	4	4	4	2	2	4
JFFX604640	4	2	1	4	3	2	3	3	2
JFPZ617028	4	0	3	1	3	3	4	4	3
JFRH111264	0	0	0	0	0	0	0	0	0
JFSX319882	0	0	1	3	1	0	3	2	1
JGNC546509	3	3	3	3	3	3	3	3	3
JGPH205701	4	2	4	3	3	2	3	4	3
JGTL362678	2	2	2	3	3	3	4	3	4
JHFV793208	3	3	2	4	4	4	3	3	3
JHHV668114	3	2	1	2	1	1	2	2	2
JHKL378324	4	3	1	3	4	4	1	2	1
JHKX381200	4	5	5	5	5	5	4	4	4
JHLD964152	4	3	5	4	3	5	3	4	4
JHNM573362	4	4	4	4	4	4	4	4	4
JHPW225483	3	2	2	4	3	4	1	4	4
JHSX137704	0	2	0	3	2	0	3	4	3
JHUP657497	4	3	3	4	5	5	5	5	4
JIMH998465	3	1	4	3	4	4	2	2	1
JIOC826711	0	0	0	3	3	5	3	3	3
JISS450580	4	3	3	3	4	4	3	3	4
JIXW431686	1	0	3	0	3	3	1	2	1
JIZN143069	4	2	3	4	3	3	4	4	4
JJJD679314	3	1	2	3	4	4	3	4	2
JJMV402281	2	2	1	2	2	1	2	2	3
JJVD539960	2	1	1	2	1	1	0	1	1
JJYK711494	3	3	1	3	3	3	3	3	3
JJZT297001	3	2	2	4	4	3	4	4	4
JKJP313342	0	4	0	0	0	0	1	1	0
JKND461741	2	2	1	3	4	3	2	1	0
JKTR300841	4	3	3	4	4	4	4	5	5
JLGW690039	3	0	3	3	3	2	4	4	4
JLGZ403761	5	1	5	1	3	1	2	3	3
JLHA242319	2	2	0	4	2	1	4	4	1
JLIY863919	3	2	4	4	4	3	3	3	3
JLJB129001	0	0	0	0	0	0	0	0	0
JLWX715437	4	4	4	4	4	4	2	2	3
JMER964638	3	3	1	4	3	3	3	3	3
JMGZ148201	3	3	4	4	4	3	4	4	3
JMIP751193	1	1	1	4	4	4	3	4	4
JMOD562587	3	3	1	3	2	3	3	4	3
JMSK861897	3	4	3	4	4	4	2	3	3
JMSP279550	3	0	3	1	1	0	3	3	3
JMTV945773	5	5	5	4	4	5	4	4	4
JNDS952155	3	1	0	4	3	2	3	3	2
JNJO284784	1	1	0	3	3	2	3	4	3
JNKL400462	2	1	1	3	3	3	1	2	2
JNVV677696	2	2	2	2	2	2	2	2	2
JOFX234721	3	3	1	2	2	3	1	2	1
JOKQ637885	1	4	2	5	4	2	4	4	3
JOPH606831	3	2	2	4	4	4	1	3	5
JOQZ715929	4	2	2	3	4	3	3	4	3
JOUH344247	4	2	4	3	3	3	3	3	4
JPLM557755	3	1	1	4	3	3	3	4	4
JPNC549973	3	1	1	2	1	2	2	2	1
JPRA277213	0	0	0	3	2	2	1	3	3
JPVA521107	2	3	3	3	1	1	3	3	3
JPWG200559	3	3	2	3	3	2	2	3	3
JPXC893617	3	4	3	4	3	3	4	3	4
JPXP129826	0	1	0	2	3	3	1	2	2
JQCZ409029	4	3	3	4	4	4	4	3	4
JQMV278733	4	4	4	3	3	3	4	5	5
JQPJ161757	3	3	3	3	2	2	4	4	4
JQWQ731153	4	5	4	3	3	4	4	3	2
JQYQ988968	3	2	1	3	1	2	2	2	2
JRAG262179	4	1	1	3	3	3	1	1	0
JREF227107	4	2	3	4	4	3	3	4	4
JRJH441205	3	3	4	4	4	3	4	5	4
JSAL698920	3	2	1	3	3	3	3	4	4
JSGM895069	0	1	0	2	2	0	2	1	2
JSMS171107	3	3	4	2	2	4	2	3	2
JSQP592252	4	2	2	4	4	4	3	4	4
JSVV628145	5	4	4	3	3	4	3	3	3
JSWC488705	2	3	2	3	1	2	1	2	3
JSXX196442	1	1	2	4	3	1	4	4	3
JSZC629172	3	3	4	2	3	2	3	4	4
JSZV743673	5	5	4	4	4	4	4	4	4
JTTD633582	4	3	4	2	3	4	3	3	3
JTUB952268	3	5	4	3	5	3	3	3	1
JUJH612480	2	2	1	3	3	2	2	3	3
JUMB214258	3	2	3	3	3	2	3	3	3
JUOH313325	3	3	3	4	4	4	4	4	3
JUPD216495	1	3	0	0	4	0	5	5	4
JURU944497	4	4	4	3	1	1	3	3	3
JUVF342529	2	3	1	2	4	5	4	5	4
JVEZ430342	3	2	3	4	3	3	4	4	3
JVMW792342	4	4	4	4	4	4	2	4	4
JVYO231804	5	5	5	5	5	5	4	4	5
JWDE147353	0	0	0	3	1	1	3	2	1
JWJK343687	5	5	4	4	5	5	3	3	3
JWKH353202	4	1	3	3	3	1	3	3	3
JWKJ545656	4	3	4	3	3	3	4	4	3
JWMV722206	4	3	4	4	3	3	4	4	4
JWPF820117	2	2	2	4	2	2	3	4	3
JWPJ829499	3	0	1	3	3	1	3	4	4
JWTR133732	3	0	0	1	3	3	0	1	0
JXSL859048	4	3	4	3	3	3	3	4	3
JYGG441881	4	3	0	2	3	4	5	5	5
JYOL884422	2	1	0	0	0	1	0	0	0
JYOP431443	3	3	3	4	4	4	4	4	3
JYRD644130	3	2	1	3	3	2	3	3	3
JYTU192866	4	4	4	3	4	4	1	2	1
JZCN998349	1	3	1	5	2	2	3	4	4
JZPG548326	2	3	5	0	1	3	1	0	2
JZUC677788	4	3	1	4	4	4	3	4	4
JZUR323820	3	3	3	3	3	3	3	3	3
KADI868735	4	3	3	4	4	4	4	4	2
KAMJ498700	0	1	1	1	2	2	1	3	4
KAMX645164	0	4	0	4	3	3	3	3	4
KANR396650	4	3	1	1	4	4	4	1	3
KASG534211	4	2	3	2	3	4	3	4	3
KBCW806586	3	0	0	3	2	1	4	4	3
KBED612214	4	3	4	4	4	4	2	3	4
KCHU314912	3	3	3	2	3	3	1	2	2
KCIS245678	4	2	4	4	4	3	3	3	3
KCSA595996	4	3	3	4	4	4	4	3	3
KCTG659883	0	0	0	0	0	0	0	0	0
KCZX851370	3	1	2	2	4	3	0	0	0
KDGM885480	3	3	2	2	1	1	3	3	1
KDGU474003	4	3	3	0	2	3	3	3	1
KDKJ647397	3	1	0	3	3	2	3	3	3
KDNT541519	4	3	4	4	4	4	4	4	4
KDYG188928	3	0	0	1	3	2	2	3	3
KDYO463345	2	2	1	3	3	2	2	3	4
KEAD723531	3	1	3	1	2	3	3	1	1
KEDR642513	4	3	4	3	3	3	3	3	3
KEFE920549	4	3	0	3	4	4	1	3	1
KEHG265291	2	1	1	4	2	2	2	2	0
KEJH353519	4	4	4	4	4	4	3	3	4
KENZ509150	1	0	1	1	0	1	0	2	1
KEQY620682	3	4	3	2	4	4	1	1	1
KEVK358840	0	0	0	1	1	1	2	2	2
KFEA470909	5	3	5	5	5	5	5	5	5
KFGT707973	2	4	3	4	4	3	0	2	3
KFSN730057	5	3	5	4	3	5	5	5	4
KFTS660073	2	3	1	2	5	3	0	0	1
KFZF865623	4	4	4	3	3	4	2	4	5
KGKW611466	3	4	3	3	4	4	3	3	4
KGSP615202	3	0	3	3	4	4	0	0	0
KGXH369695	4	1	3	4	4	3	3	4	5
KGZG682047	1	1	1	2	2	1	2	1	2
KHBV280087	0	1	0	0	0	1	0	1	1
KHME635858	0	0	0	0	0	0	0	0	0
KIBX503553	4	2	2	4	4	4	4	4	4
KIHZ597084	4	4	4	3	3	3	1	2	1
KIKE306138	2	0	0	2	1	1	0	1	1
KIXX999435	3	2	1	2	2	3	2	3	1
KIYC663348	1	0	0	3	1	1	2	4	4
KIYW126870	5	5	5	3	5	4	3	4	5
KJES202260	2	1	3	4	3	1	3	4	2
KJGJ574507	3	4	4	1	3	3	3	3	3
KJGS776757	0	0	0	4	3	3	3	3	3
KJOO457250	2	2	2	3	3	2	2	3	4
KJTL368758	5	4	5	4	4	3	4	4	4
KJUK110981	3	2	4	5	5	5	4	4	3
KJUN766157	1	2	0	4	2	2	3	4	3
KJYO220830	4	3	4	3	3	2	4	4	4
KKAM286212	5	5	3	1	3	3	4	4	3
KKBG175390	5	5	4	4	4	4	3	4	3
KKDS167036	1	0	1	2	4	4	1	3	1
KKHW312176	5	3	5	3	5	5	4	3	3
KKMG735059	4	2	1	4	3	4	4	4	5
KKOG228223	3	4	5	4	3	4	4	4	4
KKUS973105	3	0	3	2	2	3	4	4	4
KLFP589326	3	1	4	4	4	4	3	3	3
KLJE864419	2	3	3	2	2	2	3	3	1
KLLV784614	4	4	4	3	4	4	3	4	4
KLMP841327	2	3	2	3	2	2	3	2	3
KLTQ685662	3	4	4	5	4	4	4	5	5
KLTV464097	3	3	2	4	3	3	4	4	4
KLZG448222	3	1	3	3	3	3	4	4	4
KMIO140461	4	1	3	1	4	4	2	3	1
KNJK793595	2	2	1	3	2	2	3	3	3
KNVJ582988	2	2	2	3	2	2	1	1	2
KOFR513282	3	3	2	3	3	3	1	2	2
KOGU436514	3	3	3	3	3	3	3	4	3
KOSS280939	4	2	1	3	2	2	4	4	4
KOXM202683	1	2	0	1	2	2	0	0	0
KOYQ491103	2	0	0	3	0	3	1	3	2
KPHC955181	4	3	3	4	4	3	4	4	3
KPMP991927	3	1	1	2	1	1	4	4	4
KPOT935333	0	3	1	2	2	2	2	3	3
KPYQ775083	2	0	2	3	3	2	2	4	3
KQHC166685	3	3	4	4	4	3	1	1	1
KQSS745389	4	3	3	4	4	3	3	4	4
KQXS853089	3	2	2	4	4	3	4	3	3
KQXZ236742	4	4	4	5	4	4	5	5	5
KREM418301	4	4	3	3	3	3	3	3	3
KRGH469621	3	3	3	4	4	4	2	3	3
KRIR109926	4	2	0	0	2	3	0	3	0
KROZ652638	1	2	3	1	0	1	2	2	2
KSLM480771	4	4	3	2	3	2	4	4	2
KSLP817572	3	2	3	4	3	4	4	4	4
KSYR598705	5	5	5	4	4	5	4	4	5
KTCF722556	3	2	2	4	4	4	4	4	3
KTCH748288	1	3	1	4	3	4	3	4	4
KTES385819	1	3	3	4	2	4	2	3	4
KTIF123601	4	2	4	5	4	4	3	4	5
KTJV526929	3	2	2	3	3	3	4	4	4
KTNF591976	2	1	1	4	3	2	1	1	0
KTQX241033	2	3	3	2	2	2	2	2	2
KTRH262404	4	4	4	4	4	4	3	4	4
KTRS697428	2	2	3	2	2	2	2	2	2
KUHO306295	1	3	3	4	3	2	3	1	1
KVEI302176	3	2	2	3	3	3	3	3	3
KVLJ705243	5	0	0	4	4	5	3	3	2
KVOZ907883	1	0	0	1	1	1	1	0	0
KWDG467405	3	3	3	4	4	1	3	2	4
KWDM522926	4	5	5	4	4	4	4	4	4
KWOF909192	4	3	3	5	4	4	4	4	5
KWOP266116	3	2	1	3	2	1	2	3	1
KWUJ831606	4	3	4	1	4	4	1	1	1
KWZR121326	2	0	0	3	3	2	2	4	3
KXCB188489	3	3	2	4	3	3	3	4	2
KXCB515826	3	3	3	2	0	2	1	2	1
KXCQ444259	4	1	0	1	0	0	2	1	3
KXKC744486	1	1	0	3	1	3	3	3	2
KXKM407504	3	3	4	3	3	4	3	4	4
KXZZ896213	1	1	1	2	1	0	2	3	1
KYVD396049	3	3	3	3	3	3	3	3	4
KYXT118199	0	3	3	4	4	4	0	3	3
KYZR393622	4	3	4	3	3	3	2	2	2
KYZZ138350	3	2	2	3	4	3	4	4	4
KZCM112278	3	3	3	3	3	3	3	3	3
KZDJ901080	3	1	3	3	3	3	3	3	2
KZOQ475653	1	1	1	1	1	1	1	3	1
KZTN640941	0	0	0	2	1	0	4	4	4
KZYJ788068	4	3	3	3	3	3	4	4	3
LAAA618498	1	0	1	1	1	1	1	3	1
LAFC752427	1	0	0	3	2	2	2	3	3
LAUE718397	3	2	2	2	3	2	3	2	2
LBBF707302	3	4	2	4	4	3	1	3	4
LBOC820931	3	0	3	3	3	3	3	3	3
LBQK468726	1	2	1	3	1	2	4	4	4
LCCF702604	4	3	0	2	2	2	2	3	3
LCDL401365	0	2	2	5	5	0	3	3	1
LCNI836583	2	4	3	4	2	3	3	2	3
LCNL812888	4	4	4	4	3	2	3	4	3
LDAP153373	0	0	0	3	2	1	3	3	3
LDEE613089	4	4	4	4	4	4	3	3	3
LDGD302413	4	3	4	3	4	4	3	4	4
LDIF667356	3	4	3	1	4	4	2	2	1
LDIG684731	5	4	4	5	4	3	4	5	5
LDJW453106	3	2	1	3	4	2	3	4	4
LEOS943618	1	2	2	4	4	3	3	4	4
LEXG375337	4	4	3	4	4	4	2	3	4
LFBM402616	3	3	3	3	3	3	3	3	3
LFFB279809	2	0	0	1	0	0	1	1	1
LFLJ972017	4	3	3	4	3	3	4	4	4
LFNX392023	3	2	2	4	3	3	4	4	3
LFOR177100	2	2	2	2	2	2	2	2	2
LFSM412304	3	3	3	3	3	1	4	4	4
LFUK464024	1	1	1	0	1	1	1	1	1
LGAC645071	2	3	2	3	4	4	3	4	4
LGDY505605	3	1	1	3	1	1	3	3	1
LGGJ886568	0	1	0	2	0	1	2	2	2
LGKA317507	3	3	3	3	3	3	3	3	2
LGTS429128	1	2	2	4	3	3	4	4	4
LGXV422836	3	3	1	3	1	3	3	3	3
LHAI899514	4	4	5	4	3	5	4	4	5
LHDM196297	1	1	1	3	2	2	2	2	2
LHGN674383	3	3	2	4	4	4	2	3	2
LHWE581597	3	1	0	4	4	4	4	4	3
LIWN551652	4	2	2	3	2	4	3	5	5
LJAX919817	2	3	3	4	3	3	4	4	4
LJCK907720	3	4	0	3	4	1	4	4	3
LJIM520195	2	3	1	4	4	2	4	4	3
LJIM902845	0	0	0	3	2	2	2	3	3
LJPE355268	1	1	0	3	2	2	1	3	2
LJTI618376	2	3	0	3	2	2	2	2	1
LKFM384452	4	1	0	3	2	2	3	3	3
LKIF194216	5	3	4	4	3	4	4	5	5
LKIX907068	2	1	0	1	1	1	0	2	1
LKKQ520949	4	4	3	3	3	3	4	5	5
LKLD459709	1	0	0	2	0	1	1	3	2
LKLJ995063	2	2	3	3	2	3	4	4	4
LKTD183136	3	2	2	3	3	2	3	3	3
LKVB826440	3	2	3	3	3	3	3	3	3
LLBY361810	0	0	0	1	0	1	3	4	2
LLEK522830	2	1	1	2	3	1	3	2	2
LLGZ455361	3	3	3	5	4	3	3	4	4
LLNJ940813	3	1	1	2	2	2	3	3	3
LLTG559026	4	0	0	4	3	1	2	2	0
LLTY991561	4	3	3	4	4	4	4	4	4
LMMD932647	2	2	2	1	1	1	4	4	4
LMOJ873696	3	1	1	5	3	4	3	4	5
LMWS762626	3	4	3	3	3	4	3	3	3
LMWU476903	4	4	4	3	3	2	4	3	4
LNBY869999	3	3	3	4	4	3	4	4	4
LNKG120915	4	2	3	3	4	4	3	4	4
LNWT194220	4	4	3	4	4	4	4	3	4
LNZT152483	0	3	1	3	2	2	2	3	3
LOOW566854	4	5	3	2	1	1	2	2	1
LOQB305122	1	2	3	3	3	2	2	3	3
LOUL169900	2	2	2	3	2	2	3	4	3
LOWI273984	3	3	3	3	3	3	3	3	3
LOWM901439	4	3	4	4	4	3	3	4	4
LPKQ220076	1	2	1	3	2	1	5	4	3
LPNB868113	4	4	3	4	4	4	4	4	4
LPXC965317	4	3	4	3	4	4	4	4	3
LPYC154591	2	3	2	2	1	0	3	2	2
LQBH456483	4	3	3	4	4	4	4	4	4
LQIT972598	3	2	1	3	3	4	3	3	2
LQJN381575	0	4	3	3	2	3	2	3	3
LQLL947462	4	4	4	4	4	4	4	4	4
LQOK703217	1	3	2	4	4	3	3	4	3
LQQI539434	5	5	4	3	5	5	2	3	4
LRDG901145	4	3	4	4	4	3	3	4	3
LRGB243428	3	2	2	4	3	3	4	4	4
LRMH428695	0	3	0	1	0	1	0	1	1
LRTN243299	3	3	3	4	2	4	3	3	3
LRYX228235	3	3	3	3	0	0	0	3	3
LSFU616128	4	1	0	3	1	1	3	3	3
LSJP383403	3	4	3	3	2	3	3	4	4
LSRL726339	4	2	2	3	4	3	3	3	3
LSSA626334	1	0	2	3	2	1	4	4	5
LSVM891409	4	1	2	4	4	4	3	3	3
LSWV126830	5	5	5	2	5	5	3	3	3
LTDH841267	5	5	5	5	5	5	5	5	5
LTFK705493	0	1	1	3	1	2	3	3	4
LTID963710	4	0	4	3	1	2	3	4	4
LTOA835447	4	4	4	4	4	4	4	4	4
LTPT904554	1	3	3	3	3	2	4	4	3
LTUS800829	3	3	2	4	4	3	2	3	3
LUBZ172121	3	3	5	1	3	5	4	3	3
LUNS336736	4	4	5	4	4	4	4	3	4
LUUV844634	4	1	1	2	4	4	3	3	2
LVGU538951	2	2	2	4	4	3	3	3	3
LVIO179762	4	4	3	3	3	4	3	3	3
LVJV294223	3	3	3	4	4	3	5	5	5
LVZB854792	5	5	4	4	5	4	4	4	5
LWAV273950	3	4	4	3	3	4	3	3	3
LWCG802114	4	4	4	4	4	4	4	4	4
LWMB480662	3	3	3	3	3	3	3	4	4
LWRN286855	4	0	1	2	4	1	0	0	0
LXCI522848	2	1	2	4	3	3	4	5	4
LYBW400916	3	1	1	3	3	3	2	4	4
LYJW874564	0	0	0	3	1	1	2	2	4
LYUU119890	4	3	3	4	4	3	0	3	3
LYVC964207	3	3	2	4	3	3	4	4	3
LYXC566518	4	5	4	5	4	3	4	0	3
LYXV734133	3	0	3	3	2	1	4	4	3
LZAA643164	0	0	1	3	1	3	3	3	3
LZAH429192	3	3	3	0	0	4	4	3	3
LZAM185029	4	2	4	3	3	3	4	4	3
LZCI394166	4	1	1	5	4	3	3	4	4
LZEV770037	4	2	2	4	4	3	3	4	4
LZFJ500681	4	4	4	4	4	4	4	5	5
LZII329545	4	1	4	4	4	4	4	4	4
MAIE783366	4	4	4	4	5	4	3	3	3
MAMR888266	3	3	3	4	3	2	4	4	3
MAOI488640	0	0	0	1	0	0	1	2	1
MAXY592507	4	4	4	5	5	5	2	3	4
MBKK606387	2	3	3	4	4	4	4	4	2
MBLI931093	3	2	2	4	4	3	3	3	4
MBOH380622	4	3	3	4	4	4	3	3	2
MBZC774430	3	3	3	3	3	3	3	3	3
MCGE128769	3	0	2	5	5	3	5	4	5
MCZQ314831	4	2	2	2	0	2	0	0	0
MDBJ202292	3	1	1	4	3	3	3	3	3
MDKT704550	4	1	2	3	2	1	5	4	4
MDMR497482	0	2	1	3	2	4	4	4	5
MDQY134782	1	2	1	2	0	1	0	3	0
MEFU648958	5	4	3	5	4	4	5	5	4
MEPK112476	3	0	1	2	1	1	0	0	1
MEQJ330216	4	4	4	4	4	4	0	4	4
MEUI522854	3	2	1	0	0	3	3	1	0
MEXH552387	2	0	2	0	3	2	0	0	0
MFBQ240414	4	3	4	5	4	5	3	3	3
MFIG705091	3	1	1	3	3	3	1	3	3
MFLA222206	3	5	5	5	4	4	3	3	2
MFMG129830	4	5	4	5	3	3	4	4	2
MFQI504716	3	1	0	1	2	1	3	2	2
MFQS286087	3	1	0	2	1	2	1	2	3
MGOM334296	3	3	3	3	5	5	3	4	4
MGTE381495	3	3	3	4	3	4	3	3	3
MGWV766321	4	4	3	4	4	3	3	3	3
MHFL380391	2	3	3	3	1	3	4	4	4
MHNQ221553	4	3	3	4	4	4	4	4	4
MHVK193434	1	0	0	3	3	4	4	4	2
MITF201720	1	3	1	2	1	1	2	2	1
MIXF177228	4	1	3	1	1	1	1	1	1
MJIP859266	3	3	2	4	3	2	4	3	3
MJPV553876	4	0	5	0	0	0	1	4	3
MJWQ519822	3	3	2	4	3	3	3	3	3
MKAV512322	4	5	5	1	5	4	4	3	4
MKBN223956	3	3	3	5	4	3	4	4	3
MKCL379757	2	4	1	4	3	2	3	3	3
MKMO604164	3	3	2	3	3	3	3	3	3
MKNN386674	2	3	1	4	3	2	4	4	4
MLCS589461	3	3	2	4	4	3	4	4	4
MLHS224167	4	1	1	4	4	2	1	1	3
MLRW444485	4	3	3	1	1	2	2	1	2
MLUK367407	1	4	4	3	3	2	3	3	1
MLYX686708	2	1	1	3	1	0	3	4	3
MMBY434555	3	1	1	0	4	3	1	2	2
MMEC646677	3	1	3	1	2	3	3	1	1
MMHO875624	3	3	3	4	3	4	3	3	2
MMNC773595	0	0	0	2	2	1	4	1	1
MMOU475079	0	2	0	1	4	4	1	1	1
MMRT272644	4	4	4	4	4	4	4	4	4
MMYR534963	2	3	2	3	1	2	4	3	3
MNBC634071	3	1	3	3	3	0	1	4	3
MNPI315885	2	2	0	3	3	4	3	3	2
MNUA374720	4	2	2	3	3	3	3	3	3
MOGG395136	3	4	3	4	4	4	4	4	4
MOLM420561	3	3	1	2	2	2	4	3	2
MOTQ575130	4	1	0	3	4	4	0	2	1
MPBE985542	3	2	4	4	3	3	5	5	5
MPCA252006	1	3	2	3	2	2	3	2	3
MPDV846580	4	4	3	2	2	1	3	3	2
MPQL698135	0	0	0	2	1	0	3	3	3
MPQY404343	3	0	0	3	4	3	3	3	4
MQLH292833	3	3	3	2	1	2	2	2	1
MQLN556275	3	1	1	4	3	4	3	3	3
MQMK174682	3	3	2	4	2	2	3	3	4
MQSD632376	4	3	3	3	3	3	3	3	3
MQSM146477	3	3	4	3	2	0	3	4	3
MQUJ350783	4	0	3	4	4	3	3	4	3
MRCJ919208	4	1	1	1	3	3	3	4	4
MRIM911157	4	5	4	2	1	1	3	2	4
MRTD871964	2	0	0	3	3	2	0	2	0
MSIT308630	2	1	0	3	2	2	2	3	2
MSOJ200038	2	1	0	4	3	4	3	3	4
MSSW664879	4	4	5	3	5	4	4	4	3
MSXV381191	3	1	1	2	3	3	2	3	3
MTFP201717	3	4	3	5	4	2	4	4	4
MTUE784464	2	0	2	3	3	4	1	2	3
MTUL375509	1	0	0	2	1	1	1	0	2
MUEP284934	4	3	4	4	3	3	4	4	3
MUGH348767	0	0	0	2	0	0	1	2	2
MUGL249525	3	3	1	4	4	3	2	2	1
MUHW155509	2	0	0	2	2	2	0	0	0
MUTV331971	4	5	5	4	3	4	3	3	4
MUVY877815	4	3	3	2	3	3	1	5	4
MUZE164141	5	4	4	5	5	4	4	5	3
MUZT967717	3	2	2	2	2	3	4	4	3
MVEE832305	4	3	4	4	4	4	4	4	4
MVRZ392956	4	1	3	3	4	3	3	5	4
MVYI868137	0	0	0	0	1	1	0	0	0
MWJN726646	3	4	3	2	2	2	3	4	3
MWMI862690	3	1	0	2	2	1	3	3	4
MWQH921427	3	3	3	3	3	3	2	4	4
MWSC787290	3	2	1	2	2	4	2	3	2
MWVK434229	4	3	4	0	3	3	2	1	2
MWYD889267	4	4	4	3	2	2	4	3	3
MXEM943822	4	3	3	4	5	5	3	2	1
MXEQ404619	3	0	0	2	1	0	1	4	1
MXLB846932	3	2	4	3	3	2	4	5	4
MXMI902054	0	0	0	0	0	0	0	0	0
MXRJ959929	0	0	3	5	4	3	4	4	4
MXSQ773266	3	1	4	4	4	3	1	4	4
MXUS757460	0	3	2	0	1	2	2	2	1
MYBC552132	4	2	2	4	4	3	3	4	4
MYBO632743	1	2	2	4	3	3	2	2	1
MYDI283842	4	3	3	4	3	4	2	4	5
MYFY888987	3	2	3	4	4	3	4	4	4
MYGV578088	2	1	1	2	2	2	3	2	2
MYJA426335	3	3	3	4	3	4	4	4	4
MYJZ375893	0	1	0	1	0	0	1	1	0
MYTA452279	4	4	3	4	3	4	4	4	3
MYUX752352	1	2	0	1	1	1	0	1	1
MZAT899226	4	3	3	4	5	4	4	4	3
MZBD223855	4	4	3	3	3	3	3	4	3
MZFV264626	3	1	0	2	3	2	1	3	4
MZOP429670	1	1	0	2	1	1	3	3	1
NADM658263	4	3	2	3	4	3	3	4	4
NAHN946621	5	3	3	3	4	3	3	4	4
NANK118838	4	3	3	4	4	4	5	5	4
NAQT783448	3	3	2	3	3	3	2	3	3
NASL399818	3	2	3	3	2	3	4	4	4
NBGV307627	2	2	1	2	2	2	3	2	3
NBIE608275	4	3	4	1	1	2	0	0	0
NBIN566269	3	1	1	3	2	1	4	4	3
NCAS707621	4	0	0	3	2	3	4	3	2
NCGA226292	2	3	3	4	3	2	4	4	3
NCJJ885634	3	1	0	2	2	2	1	3	1
NDBH371025	0	0	0	0	0	0	0	0	0
NDGH955559	4	0	4	3	2	3	3	1	0
NDNO520854	4	5	4	5	4	4	3	4	3
NDYF628877	1	1	0	3	2	2	3	3	2
NEGK938713	2	1	0	3	3	2	3	2	1
NEGW127823	3	3	2	3	4	4	4	4	4
NEHX610478	4	3	3	4	3	3	3	3	3
NEOK139664	0	0	0	0	1	0	1	0	1
NEPB373385	3	2	2	4	3	4	4	4	4
NERA935898	3	0	0	2	5	3	0	1	2
NERZ969580	0	0	0	0	0	0	0	0	0
NEWI643507	3	2	3	4	3	2	3	4	4
NEXA648198	0	1	0	2	2	1	3	4	3
NFCS983833	0	1	0	0	1	2	1	2	1
NFQX320167	3	3	3	5	2	3	4	4	3
NFUN965214	4	3	4	3	2	3	5	5	5
NFUY501204	2	2	2	2	1	2	4	4	4
NFYI581275	1	1	1	3	3	3	2	3	2
NGKA939146	3	3	2	3	3	2	2	3	2
NGKE747867	2	3	2	2	3	3	2	2	2
NGLD384605	2	1	2	2	3	3	3	3	3
NGSK800457	3	4	3	4	4	4	3	4	4
NHDE390249	2	4	4	4	4	3	4	4	3
NHDJ502234	4	4	3	4	3	3	4	5	4
NHDM562608	4	2	3	4	4	4	4	4	4
NHVR627156	4	3	3	0	3	1	1	3	1
NIDA951263	4	3	4	3	3	3	4	4	5
NILJ727813	3	3	3	4	4	3	3	3	3
NIOB710630	3	2	3	2	2	2	2	2	0
NISB480494	2	3	3	5	4	3	4	4	3
NITO890449	0	0	0	0	0	1	2	3	3
NIWA564180	0	0	0	2	0	0	2	3	2
NIXG775579	3	3	3	2	3	3	3	3	3
NIYB268287	4	4	3	3	3	3	1	2	2
NJEG630955	4	3	3	4	3	3	4	4	3
NJEP364705	3	2	2	2	2	2	1	1	2
NJKA432106	4	4	3	3	2	3	2	2	2
NJLD464714	5	4	5	5	5	4	4	4	5
NKNI381135	3	4	3	2	4	3	2	3	3
NKUC206245	2	2	2	3	4	3	3	3	4
NKXK970625	2	1	1	2	1	1	3	2	2
NLBK695164	3	3	4	4	4	4	4	4	4
NLEE396305	3	3	3	3	3	4	3	4	3
NLJB812952	0	0	0	0	0	0	0	0	0
NLLX879523	5	4	3	2	3	3	0	2	1
NLYV595651	3	2	2	2	2	3	2	2	2
NMGJ572924	3	3	1	3	2	4	3	4	4
NMKP153285	4	2	4	5	5	5	0	3	3
NMNQ620194	2	2	3	5	4	4	3	3	4
NMXC667910	3	2	2	4	4	4	3	3	4
NNAR226588	3	1	2	3	3	2	3	3	3
NNGL462072	0	0	0	1	0	0	1	1	1
NNLD960969	0	2	0	0	1	1	2	1	1
NOLN755165	4	3	2	3	2	4	3	4	4
NONK899925	4	3	3	4	3	3	3	4	3
NOOS863302	3	3	3	4	3	2	5	4	3
NOOX435995	3	0	3	0	0	0	2	2	2
NORR987262	3	4	3	2	1	0	2	2	3
NOVB189994	3	2	2	4	4	3	3	4	4
NPBU113462	2	0	0	3	2	2	3	3	2
NPRC507304	1	1	1	3	3	3	3	3	3
NPWN666922	4	3	3	3	3	3	3	3	3
NQDM356652	3	2	2	2	2	3	2	2	2
NQOB237869	4	3	4	1	4	4	1	1	4
NQPK157151	1	1	1	3	2	3	3	3	4
NQWM334020	2	0	2	4	4	3	4	4	4
NQWN774198	2	2	2	4	4	3	4	4	4
NRHN922761	3	3	1	3	3	3	4	4	4
NRJE479763	0	0	0	2	1	1	2	1	2
NRWH140092	3	5	5	4	4	4	3	2	3
NRZZ616617	4	2	3	3	3	3	1	1	3
NSRZ260514	5	1	5	2	1	1	1	1	1
NSYS643373	2	3	2	2	1	2	2	3	3
NTAZ284363	4	2	4	3	3	4	3	4	3
NTED717842	3	2	2	4	3	3	2	3	2
NTGY409395	2	1	3	3	3	3	3	3	3
NTHE668437	3	3	3	3	2	0	3	4	4
NTIY481103	0	0	0	1	2	2	1	0	0
NTMB810619	4	2	3	4	3	3	2	4	4
NTNQ958788	4	3	3	3	4	4	4	4	4
NTTY164905	2	3	1	4	2	2	3	4	3
NTWH434464	5	1	2	4	3	3	3	4	2
NUCS810964	4	4	3	1	2	4	2	2	1
NUPU189854	4	3	3	4	3	3	3	4	4
NUXT706440	5	1	5	2	2	2	2	2	2
NVED910742	1	0	0	3	3	2	2	2	1
NVIO438918	4	2	1	4	3	3	3	4	3
NVMM618028	3	2	3	4	3	3	5	4	4
NVMX357897	3	3	2	1	1	2	2	2	2
NVWY187923	4	4	4	5	4	5	5	5	5
NVZR158240	1	1	0	1	2	2	2	2	2
NWGP436122	5	3	4	3	4	4	3	4	4
NWMA543721	1	2	0	0	0	2	1	1	2
NWTW188457	3	4	3	4	2	2	3	4	3
NXAW683055	4	2	4	3	3	3	2	2	2
NXAX162696	4	4	3	2	2	2	3	2	2
NXGL120659	0	0	0	0	0	0	0	0	0
NXIC817039	3	4	3	5	3	3	4	4	4
NXJI370346	1	1	0	3	1	1	1	3	3
NXTE422596	4	1	0	3	3	0	1	1	3
NXTX330581	1	0	0	1	1	0	1	3	3
NYFJ527571	4	4	3	1	4	4	3	3	4
NYHA716370	4	3	3	4	3	3	4	4	4
NYJM961994	3	3	3	4	4	4	3	3	3
NYLL292612	3	4	2	3	4	3	4	3	3
NYUX472433	4	3	3	4	3	3	5	5	5
NYXB386214	4	2	2	3	4	2	3	2	2
NZFG426249	3	2	3	4	3	3	4	4	3
NZFW825595	1	1	0	2	2	3	2	1	3
NZHD750493	3	3	4	4	4	5	3	4	3
NZIM314089	4	3	3	0	4	4	1	1	0
NZIR167374	3	2	2	2	4	4	3	3	3
NZJE825974	3	4	4	4	2	5	3	4	4
NZOP820959	4	4	3	4	4	3	3	4	3
NZUR467753	0	0	0	1	1	0	1	2	3
NZZA813114	4	4	4	4	4	4	4	4	4
OAAN591194	0	0	3	0	0	0	0	0	0
OALO479894	4	4	3	4	3	4	4	4	4
OAYB108512	0	1	0	1	1	1	2	3	3
OBAA566236	3	2	3	4	4	4	4	4	4
OBDY788281	3	3	2	4	4	4	4	4	5
OBJD989391	3	3	4	2	2	0	2	3	1
OBVN630613	1	1	0	1	0	0	2	2	3
OBZF796413	1	2	0	2	2	3	1	2	2
OCDR510484	4	2	2	4	4	4	4	3	4
OCEU526388	4	1	4	4	4	4	4	4	3
OCIJ209615	1	0	0	4	2	1	3	3	3
OCLE497651	3	3	1	4	2	1	3	3	3
OCLM960086	4	3	3	4	3	3	4	4	4
OCNW573192	3	0	0	3	1	1	3	4	4
OCYA316928	4	3	4	3	3	3	4	4	4
ODFH793695	3	4	3	3	3	3	4	4	3
ODGM201282	1	1	1	2	2	1	1	1	2
ODJV616128	1	0	0	4	3	0	3	4	2
ODRJ773752	1	1	1	3	1	2	3	3	4
ODTD363591	5	4	3	1	4	5	4	4	4
ODTX325703	3	3	3	2	2	3	2	3	4
OEEO960891	3	2	4	2	4	3	2	4	1
OEFT483242	0	0	0	3	0	0	3	3	4
OEGA596272	5	4	5	5	4	3	2	4	4
OETC714869	4	3	2	4	3	2	2	3	3
OEUR109295	3	4	3	3	3	4	4	3	4
OEVQ662592	4	4	4	1	3	4	4	4	3
OFKU366517	4	5	4	5	5	4	4	4	4
OGAU311518	3	2	3	4	3	3	4	4	4
OGAV887211	3	1	1	4	1	2	4	5	4
OGDQ138463	4	1	2	2	2	1	1	2	4
OGJQ762348	2	3	1	3	2	2	2	3	3
OGNC257420	2	2	2	0	0	0	1	2	2
OGPK388617	3	2	2	4	3	3	4	3	3
OGRD503257	3	2	2	4	4	3	3	3	2
OGSC615643	3	3	3	3	3	3	3	3	3
OGVG181391	3	3	3	4	4	4	1	1	0
OHHM997868	4	3	0	0	0	0	0	4	4
OHQH578503	2	2	1	3	2	2	3	2	2
OICO188578	3	1	0	3	3	2	2	3	1
OILS937574	4	3	0	2	3	4	2	3	1
OIVV478270	3	3	3	4	4	1	5	5	5
OIWT724557	3	1	1	2	2	3	3	3	2
OIXI356812	5	4	4	5	5	5	3	5	4
OJCM197606	4	4	4	3	3	3	2	1	2
OJEY717274	3	1	2	3	3	3	3	3	3
OJPO131415	3	2	0	3	2	3	3	3	2
OJSW579912	0	1	0	3	1	1	1	2	2
OKEJ792696	3	4	4	5	5	5	4	5	5
OKVG579344	4	3	4	4	5	4	3	3	3
OLGR607375	3	2	1	1	2	2	1	1	1
OLPN595249	2	3	2	1	2	2	1	2	2
OLRF604497	3	3	2	4	3	3	3	3	4
OLYI573824	4	3	4	1	3	4	1	1	1
OMEO647198	3	3	3	3	3	3	3	3	3
OMIG300928	3	4	4	4	4	4	3	3	3
OMPF104340	3	3	3	4	3	4	4	4	4
OMRA217327	4	4	4	2	1	1	3	4	2
OMUT944758	5	3	4	4	5	5	4	4	4
OMVQ978790	1	0	0	2	1	0	4	1	1
ONUA699602	4	5	4	5	5	5	4	4	5
OOGS240947	3	3	2	4	3	3	3	4	3
OOMJ385099	2	2	3	3	4	1	4	4	3
OOWV159257	1	0	2	3	1	1	1	1	2
OOZM666559	4	1	4	3	3	4	3	3	3
OPFZ491952	2	1	0	3	3	3	3	4	1
OPLF815745	3	3	3	3	4	5	0	0	3
OPSH933942	2	0	0	2	2	2	2	2	2
OPYS255432	3	1	1	2	2	1	3	4	3
OQGH871495	2	1	3	3	3	2	3	3	3
OQHZ875134	2	1	1	1	4	3	1	3	4
OQJO373850	3	4	4	4	4	5	4	4	4
OQMI568412	3	3	3	4	3	3	4	3	3
OQOY174919	3	3	3	3	3	3	3	3	3
OQVH415703	3	2	1	1	3	4	2	4	3
OREP526983	3	2	4	4	4	4	4	3	4
ORHK794226	2	1	1	3	3	2	3	3	3
ORNV391215	3	4	4	3	4	5	3	3	3
OSEE762023	4	1	4	2	1	1	2	2	2
OSQI420244	3	4	4	5	5	5	3	3	4
OSQL343721	3	3	3	4	3	3	3	4	5
OTBP308738	4	1	1	4	3	4	0	1	4
OTCU115740	3	3	0	4	2	2	3	4	3
OTGQ746615	0	0	0	2	1	1	3	3	3
OTHU904536	3	0	1	5	3	3	1	4	3
OTMD973150	1	3	2	3	3	3	2	3	3
OUEU323520	3	2	2	3	5	2	1	1	3
OUFW627798	4	3	2	3	3	3	4	4	4
OUIH317457	1	0	0	5	4	1	3	4	3
OUJX134214	3	3	3	1	3	3	1	3	2
OUNP847318	3	2	3	3	4	4	3	3	3
OUQP790925	2	4	3	3	3	2	2	4	4
OUVN392790	4	4	3	3	4	4	2	3	3
OUXL527888	3	2	2	3	2	2	2	3	3
OVBD356753	3	3	3	3	3	3	3	3	3
OVDW557707	4	4	4	4	4	5	3	3	3
OVEZ767184	3	1	0	3	3	2	3	3	3
OVMX658770	3	3	2	3	2	3	3	3	4
OVPE679988	3	3	3	3	3	3	3	3	3
OVQQ390347	2	0	0	0	2	2	1	1	1
OVTL315738	3	4	4	3	3	3	3	4	3
OWCR880924	2	0	3	1	3	4	3	1	1
OWDV348424	1	1	1	3	3	3	3	3	3
OWER325621	3	4	4	4	4	4	4	3	4
OWLP782262	3	4	4	3	3	3	3	3	3
OWRH812888	4	3	3	4	4	3	0	0	4
OWVM641061	4	1	4	5	4	4	4	5	4
OWYR809682	3	2	2	4	5	5	4	4	3
OXAJ710251	2	0	0	3	3	1	2	2	2
OXDJ464895	4	3	1	3	2	0	1	1	0
OXTO483724	4	4	5	4	4	4	3	3	4
OYLZ153508	2	2	0	4	4	2	4	4	3
OZJZ400719	4	3	3	4	4	3	4	4	4
OZRT527204	3	5	2	4	4	4	2	3	3
OZYG179966	4	3	3	3	3	3	3	4	3
PADO117327	4	2	2	3	3	2	3	3	3
PAGV641208	3	1	1	0	0	0	0	1	1
PAXG531821	3	2	0	1	3	3	0	0	0
PAYH917857	4	4	4	4	4	4	3	3	4
PBAC869759	3	3	1	2	2	1	3	3	4
PBDY849013	4	3	3	4	4	1	3	3	2
PBEA332478	1	0	0	0	1	1	1	0	0
PBFA277919	4	3	0	4	3	3	4	4	3
PBQF792529	2	0	1	2	2	2	2	3	1
PBSA886873	3	3	3	4	3	3	3	4	4
PBSG788002	1	1	3	4	4	4	4	4	1
PCBT727416	2	0	0	3	2	4	2	3	1
PCEG936597	4	4	3	4	3	3	4	4	4
PCLE881492	1	2	0	4	3	3	2	4	3
PCVH603479	3	3	2	3	4	4	1	1	1
PDEU212959	3	2	2	2	2	1	2	2	3
PDGX843071	1	2	1	3	1	2	3	3	3
PDKE557829	3	1	1	4	3	2	2	2	4
PDQO520878	0	2	2	0	0	0	0	0	0
PEDJ835621	2	1	1	1	2	2	3	4	3
PEJE729002	4	3	4	3	4	3	4	4	4
PEJH916887	2	2	2	4	3	4	4	5	4
PENG744562	2	0	2	2	3	3	1	1	3
PESW651689	3	2	3	4	4	4	4	4	4
PEUW607811	3	0	0	1	1	0	1	2	1
PFIS146536	5	2	3	4	3	4	3	1	4
PFLB421065	4	4	4	2	3	3	4	3	3
PFNL774623	3	2	1	4	4	3	2	3	1
PFPY469781	3	2	1	0	1	3	2	2	2
PFTB930639	2	5	4	4	5	4	3	3	3
PFTX802837	4	3	2	4	4	4	3	2	2
PGKM633602	3	3	3	3	3	3	2	2	3
PGNE848549	2	1	1	3	2	2	1	3	2
PGZU491833	3	1	2	3	2	0	1	0	3
PHEG890741	1	2	1	2	1	1	1	1	2
PHSZ542537	0	0	0	3	0	1	3	3	4
PHVG581834	4	5	5	4	3	3	5	4	4
PHWF510796	1	2	0	3	2	1	1	2	2
PIEC949894	4	2	1	2	1	2	3	3	3
PIFO662376	3	2	1	4	4	3	3	3	3
PIIP292577	4	4	4	1	3	3	1	1	1
PIOV738524	1	1	2	2	1	2	2	2	2
PISR184556	2	2	3	4	3	2	4	4	3
PIYA110051	5	4	4	3	4	4	4	3	3
PJFY504261	3	0	0	2	1	1	3	3	3
PJRJ141622	3	0	0	3	1	2	2	3	4
PKAP638201	3	2	2	3	4	3	4	4	4
PKNV677814	1	1	1	4	3	1	1	3	1
PKPI783001	2	1	1	3	3	3	4	3	2
PLNJ642856	3	2	2	3	3	2	3	3	3
PLPL886931	1	3	2	2	1	1	2	2	2
PLWP130608	3	4	3	1	0	0	1	1	1
PLYB774569	3	3	3	5	5	4	4	5	3
PMFJ313004	0	1	0	3	0	2	3	3	3
PMKL107503	3	3	0	3	3	2	2	2	0
PMPF833597	3	3	3	3	3	3	4	4	4
PMTA417358	3	2	2	3	4	4	1	3	4
PMUR749977	5	2	4	4	4	3	4	5	5
PNBQ164866	4	3	2	4	3	4	0	3	1
PNCS521076	3	4	3	2	2	3	3	4	4
PNIE721296	4	3	3	4	4	4	4	4	4
PNRG827231	2	4	3	2	3	3	2	3	2
PNTB235719	4	2	2	4	3	3	0	2	3
PNUQ222673	4	2	2	3	3	3	1	2	3
POBT335883	3	3	2	3	3	3	3	4	4
POHV901474	4	1	1	3	1	1	1	2	2
POIA179215	4	4	4	0	0	0	0	0	0
POON933633	0	3	0	3	0	0	3	3	3
POQJ471669	0	2	0	3	3	1	3	1	3
POSR886075	5	4	3	3	5	5	1	3	3
PPUU956091	3	0	2	2	2	1	2	3	2
PQCP759049	3	3	3	4	3	3	4	4	4
PQIU909377	4	3	0	3	1	2	1	3	3
PQKR210051	3	4	4	4	4	4	2	3	2
PQTW581594	3	3	3	4	4	3	5	4	4
PQUO743709	4	4	4	3	1	2	3	4	2
PQXI976174	2	3	2	2	3	4	3	3	3
PQZD117154	4	1	3	3	2	3	4	4	3
PRDH647168	3	2	4	5	5	4	4	4	3
PRGB537871	4	2	4	4	4	4	3	3	2
PRHH441583	2	0	0	3	2	2	1	3	3
PROY232945	4	3	3	4	4	4	3	3	4
PSBI313252	0	0	0	2	4	4	0	2	1
PSRK130385	4	3	3	3	3	4	3	3	3
PSTJ493938	4	3	3	4	4	4	4	4	4
PSZK522526	3	3	2	4	3	2	4	4	1
PTCV113903	3	3	4	3	3	2	4	4	3
PTGY927531	2	0	0	4	4	3	3	3	3
PTKC623260	3	2	1	4	3	3	1	3	4
PTLG681638	3	3	2	3	4	3	4	3	3
PTRU522007	1	1	1	1	1	1	1	1	1
PTVN562165	3	3	3	4	4	4	4	4	4
PTVV718958	4	3	0	4	3	3	4	4	4
PTYT719800	3	2	1	3	2	1	2	2	2
PUCM817305	2	1	1	1	1	1	2	2	2
PUDK880772	3	5	3	5	4	4	3	4	2
PUEB302137	3	2	3	4	4	3	4	4	3
PUTF987980	3	3	3	4	4	4	3	4	4
PVAO129330	3	2	3	3	3	3	3	4	4
PVDD803301	3	3	0	0	0	0	3	1	3
PVDZ179955	2	1	2	3	2	2	5	4	3
PVHD795923	3	0	0	3	3	3	0	3	0
PVII332921	4	0	0	2	1	1	1	3	3
PVVF224978	4	4	4	1	4	4	3	3	3
PVWZ399954	4	3	2	2	1	2	0	1	2
PVXX562608	3	3	2	3	3	3	3	4	3
PWDU133777	2	1	2	3	3	2	3	3	3
PWHN174864	0	0	0	1	1	1	1	1	1
PWJT954886	4	1	3	4	3	2	3	2	4
PWJW540107	4	3	4	3	5	5	2	3	4
PWKB998707	2	2	1	3	3	3	1	3	2
PWVQ281377	4	2	2	4	4	4	3	3	3
PWXM417510	4	3	4	4	4	4	3	3	3
PXJD482818	1	1	1	3	3	3	3	3	3
PXOK349947	4	2	4	4	4	3	3	2	2
PXVF386321	3	1	1	4	3	2	4	4	4
PXXV574973	4	5	4	3	4	4	4	5	5
PXZV108004	3	2	3	4	4	5	2	4	3
PYDH928308	4	2	1	4	2	3	3	3	4
PYEP724804	4	2	3	3	3	3	2	4	4
PYNK328283	4	4	4	3	4	5	3	2	3
PYOH867900	4	4	3	4	3	5	4	4	3
PYZB871541	4	2	3	2	2	2	2	3	2
PZCJ208616	3	3	0	3	3	0	2	4	4
PZDX553250	1	2	2	0	0	0	1	1	0
PZER704100	1	1	1	1	1	1	1	1	1
PZFO449851	2	1	0	3	3	1	1	2	2
PZHE744403	1	1	4	4	4	1	4	4	4
QAHX456453	4	3	5	1	2	4	3	2	2
QAPT354996	3	3	1	2	3	3	3	3	3
QAVC438180	2	3	3	4	3	3	3	2	4
QBJE236105	3	0	0	2	1	0	1	2	3
QBQH651000	3	1	0	2	2	2	4	2	2
QBQK730806	3	4	4	5	3	3	4	4	4
QBTM195157	0	0	0	0	0	0	2	0	0
QCNF232258	3	4	3	3	4	4	3	0	3
QCRZ542836	4	5	5	4	4	4	3	3	4
QCTX214132	2	1	2	3	4	3	1	0	2
QDCX950781	3	2	2	4	3	3	3	3	3
QDLE584864	5	5	5	4	4	5	5	4	5
QDOS795139	4	4	4	4	4	4	4	4	4
QDQR556393	3	1	2	3	4	4	3	4	5
QDYR158744	4	2	0	4	3	3	3	4	4
QECL306896	1	0	0	1	1	1	3	3	1
QECW387696	5	4	4	4	4	4	4	4	3
QEGI692039	0	2	3	2	4	3	1	3	2
QEHB930422	3	3	2	4	2	1	4	4	2
QEJD786149	3	0	0	1	0	0	3	3	0
QESF266630	1	2	2	3	4	3	4	4	4
QESN492387	3	2	2	3	3	3	3	3	3
QFBV127168	3	2	3	4	3	1	2	4	3
QFEP128147	3	2	3	4	4	4	3	3	3
QFPB469552	0	0	0	0	0	0	0	0	0
QFRK964903	3	2	2	4	5	3	3	2	1
QFSU326087	1	1	2	3	5	3	2	2	2
QFTH557108	1	1	0	2	1	1	1	0	0
QFUS490818	4	2	1	4	4	3	3	3	2
QFVW157662	4	2	3	2	1	1	1	1	1
QGVG751055	3	4	3	4	4	4	3	3	4
QGZR236261	3	5	5	4	4	3	4	3	3
QHDP790176	4	5	5	4	4	5	4	4	4
QHGU366525	3	2	3	3	3	3	4	4	4
QHHF691733	1	1	1	3	1	0	3	3	4
QHMV140532	4	2	3	4	2	3	3	3	3
QHRP221668	4	2	1	4	4	3	4	4	4
QHSY140779	4	1	4	3	4	4	3	4	4
QHZL105480	3	0	0	2	2	3	0	2	2
QIAX641588	3	3	2	4	3	2	3	4	4
QIHS429402	2	0	0	2	2	2	1	2	1
QIIB703055	4	3	3	3	3	3	4	3	4
QIJW791905	2	3	3	4	2	3	3	4	3
QIKF519218	4	4	4	4	4	2	3	3	3
QINS793327	2	1	1	3	3	1	3	3	2
QIOH114360	3	3	4	5	3	3	4	4	4
QIPS219510	0	0	0	0	0	0	0	0	0
QIQH914461	2	2	2	1	2	2	2	1	2
QISS944469	4	3	3	4	4	4	3	4	4
QIUS639025	1	0	0	3	3	1	4	3	3
QJHV581871	3	3	3	2	3	3	1	1	0
QJWR813250	0	1	0	1	0	1	1	2	1
QJYS502903	0	0	0	1	1	1	0	0	0
QKAD151373	3	1	2	3	5	5	2	3	4
QKDI340257	4	2	2	4	3	3	4	4	4
QKPO811896	4	3	2	3	4	4	3	3	3
QLFC583592	1	1	0	2	1	2	1	4	3
QLKG963724	3	3	3	4	2	2	1	3	4
QLLA259278	4	2	3	3	4	4	2	3	2
QLUF497825	4	4	3	1	4	4	1	3	0
QMGJ740922	3	1	1	3	1	1	3	3	1
QMPS561294	3	2	1	3	1	2	4	4	4
QMQO963815	3	3	4	5	4	4	4	4	4
QMVK453554	5	3	4	3	5	5	2	3	4
QMWR407824	0	0	0	3	0	2	2	2	3
QMXF532006	5	5	5	5	5	5	5	5	5
QNUO506184	3	3	0	3	3	2	3	4	3
QOOK868180	1	5	3	4	5	4	2	2	4
QOQV213574	3	3	3	2	2	3	3	3	3
QPGF689913	3	2	1	3	2	2	4	4	2
QPMG314175	0	0	0	0	0	0	0	0	0
QPUD442842	3	2	2	1	3	3	3	2	2
QQBP629741	4	4	4	3	2	2	1	3	2
QQBT382064	0	0	0	0	0	0	0	0	0
QQDJ998811	1	0	0	3	2	2	3	3	3
QQKB107748	3	0	1	3	3	3	3	3	3
QQQJ499187	3	1	2	3	1	1	2	4	4
QQWJ716108	5	4	5	5	5	5	5	5	5
QRAR920494	3	2	2	2	2	3	1	2	3
QRCP689013	3	3	3	4	4	3	4	4	4
QRDU550359	4	4	4	5	4	3	4	4	3
QSEE991295	3	3	3	0	3	3	4	5	4
QSFX922701	1	0	0	3	3	3	3	4	3
QSMT339886	3	2	2	3	3	3	3	3	3
QSNS168131	3	0	1	3	2	1	3	3	3
QSOX956330	4	0	4	3	3	3	3	4	3
QSZH669297	4	4	4	4	4	4	3	3	3
QTBE709113	1	0	0	2	0	0	1	2	1
QTQW125769	0	1	1	2	3	3	0	0	1
QTRK906166	4	3	4	3	2	3	2	3	3
QTSZ411073	1	1	1	3	2	2	5	4	3
QTUA166506	4	3	1	4	4	3	1	3	2
QUCR933256	3	0	2	4	3	3	3	3	2
QUKD814174	3	2	2	3	3	3	1	1	2
QUNX504574	4	1	3	1	2	1	3	3	4
QUVB563550	1	0	0	3	2	0	2	3	2
QVAK890132	2	4	4	4	3	4	2	4	4
QVEN436807	3	2	0	0	2	3	1	1	1
QVFD776736	4	2	4	4	4	2	1	2	1
QVYG424511	3	1	2	1	3	3	1	1	2
QVYM496224	3	5	2	2	5	3	3	3	3
QWBD145712	1	1	1	2	3	2	2	2	2
QWBN405905	2	1	1	2	1	1	2	2	2
QWEV240440	4	2	2	4	3	3	4	4	4
QWGA743197	3	4	4	4	4	3	2	2	3
QWKL525693	3	2	5	3	4	5	4	4	4
QWNT427608	2	1	1	3	3	3	4	3	4
QWRI879367	3	0	0	2	3	2	2	3	2
QXCT545963	2	0	1	1	1	0	1	1	1
QXEO453733	2	2	2	3	3	3	4	4	4
QXHP622339	2	3	2	4	3	3	4	3	2
QXPA308309	4	2	2	4	3	3	3	3	4
QXRG800706	1	2	3	3	2	1	2	2	2
QXSR438468	4	2	3	4	4	3	4	4	4
QYBM747562	5	5	3	5	5	3	4	4	3
QYDZ934504	0	0	0	1	2	0	0	2	2
QYLU241149	5	5	5	1	3	5	4	4	2
QYMU345961	1	0	1	1	0	1	1	1	1
QYPT299195	4	2	1	4	4	3	2	2	3
QYQA287787	1	1	3	5	5	2	3	2	4
QYSI373759	3	2	2	3	2	2	3	4	4
QYWT477289	0	0	0	2	2	1	1	2	1
QYXS841893	3	2	3	3	3	3	4	4	4
QZHX931906	3	3	3	4	4	4	3	4	4
QZWO817853	4	3	4	4	4	3	4	4	4
RAIG711927	4	1	3	2	3	2	0	2	2
RASC568531	1	3	3	0	1	3	0	0	0
RAVU825345	4	4	3	4	3	3	3	4	3
RBDZ359355	5	3	4	2	4	4	4	3	3
RBIW897979	4	4	4	4	4	1	2	3	4
RBZC303636	3	3	2	3	4	4	2	3	3
RCCN268430	2	2	2	2	4	3	1	1	2
RCYD146551	1	0	0	2	2	1	2	2	3
RDBA294005	4	2	3	4	3	2	3	3	3
RDOE364502	4	5	4	3	5	4	3	2	3
RDWA171637	2	1	1	3	1	2	2	2	3
REBP606930	4	3	3	4	3	4	3	4	5
RECA676494	3	3	3	5	5	5	5	5	4
RFHC699844	3	2	3	2	4	2	1	1	4
RFHG892087	4	4	0	4	4	4	4	4	4
RFRC617043	3	2	2	4	4	4	1	2	2
RFUH753768	4	4	3	4	5	4	3	2	3
RFWZ855942	2	2	2	2	2	2	1	1	2
RGNV432867	5	2	2	4	4	2	3	4	4
RGUJ440475	3	0	1	0	2	1	4	4	3
RGYP171949	3	4	2	3	3	4	3	3	3
RGZQ391922	4	3	3	4	4	3	3	4	4
RHIC914304	2	1	1	4	2	3	3	4	4
RHIZ498852	2	2	2	2	1	2	2	1	3
RICL561583	3	3	3	4	3	3	4	4	5
RIGL626355	4	4	4	4	4	4	4	4	4
RIIB693279	2	2	2	0	1	0	0	1	1
RIND876722	0	1	0	2	1	1	1	3	1
RIRY254148	3	2	0	3	3	4	1	3	2
RIXA991860	3	1	1	3	3	3	3	4	3
RJCF641152	3	4	4	4	3	3	4	4	4
RJCV265477	3	2	0	3	3	2	0	3	3
RJPQ383257	4	2	4	4	3	3	2	4	4
RJRE212178	4	3	3	5	4	3	4	4	3
RJRQ601718	1	1	1	1	1	1	1	1	1
RKGC288500	2	1	1	3	3	2	3	3	2
RKPU195706	4	3	3	4	4	4	4	4	4
RKUT299854	3	3	3	3	3	3	3	3	3
RLDX817011	3	3	2	3	4	3	1	4	3
RLFV579326	3	3	3	4	4	4	3	4	3
RLJO383721	2	2	0	4	3	2	3	4	3
RLMD792695	2	2	2	2	2	2	2	3	3
RLWE544570	4	5	5	2	2	2	2	4	3
RMDF367518	3	1	0	2	2	2	2	2	2
RMNJ269853	2	3	2	3	2	4	3	3	3
RMWI351621	4	0	0	4	1	2	1	3	3
RNAA803547	4	3	3	3	3	2	0	3	3
RNJF834806	4	3	3	4	3	3	4	4	4
RNNX863056	5	5	5	5	5	5	5	5	5
ROHD693394	4	3	2	3	4	4	2	2	3
RONI140970	2	1	1	3	2	1	3	4	4
ROOY250244	3	3	2	4	4	3	4	3	4
ROTM676472	4	5	5	5	5	5	3	4	4
RPIG176245	3	3	2	3	4	4	2	3	3
RPKH263860	3	3	3	4	3	3	3	3	3
RPKV392602	5	2	0	4	2	4	1	2	2
RPTF625302	3	2	2	4	2	1	4	4	4
RQGF712821	4	3	4	3	4	3	0	1	1
RQUJ522681	0	0	2	0	0	0	0	0	0
RRCA429889	1	0	0	3	2	1	2	4	3
RRII993649	1	2	1	3	2	1	4	4	4
RRVW439722	0	0	0	0	0	0	0	0	0
RSFB632518	4	3	2	3	4	3	3	3	2
RSHD325990	2	0	0	3	1	2	4	3	3
RSJG848484	3	3	3	3	2	4	2	3	3
RSMT471225	3	3	2	3	3	3	4	4	4
RSOB775744	3	3	2	4	4	4	5	4	5
RTBR272901	4	3	3	4	3	4	4	3	4
RTEU989483	3	2	1	2	2	1	3	3	1
RTLS111848	3	1	2	2	2	2	3	3	2
RTUY919176	5	4	5	5	5	4	3	4	3
RTYM886878	2	0	0	1	2	3	3	3	3
RUAX641234	2	2	1	4	3	2	3	3	1
RUDU987298	4	0	0	4	2	4	3	3	0
RUJK444177	4	2	1	4	4	3	3	4	4
RUKW744018	3	3	3	4	5	5	3	4	3
RUNQ181830	4	2	2	4	4	3	1	3	3
RUUT253043	1	3	3	3	3	3	4	4	4
RUWU689297	3	3	4	3	4	4	3	3	1
RUYD750223	3	3	3	3	3	3	3	3	3
RVKD674338	0	0	0	0	0	0	0	0	0
RVKQ918035	1	1	0	3	2	2	2	2	3
RVKR580609	1	1	1	0	1	1	1	0	1
RVRL536236	4	3	3	4	4	4	3	3	3
RVUV515311	4	4	4	4	4	4	3	4	4
RVZD154803	4	4	4	4	4	3	4	4	4
RWER259261	2	3	4	2	2	3	0	2	3
RWMM248188	3	3	2	4	3	3	4	4	4
RWSM265014	2	0	0	2	3	4	0	3	3
RWTK248579	4	5	4	5	5	5	4	4	4
RWVF464320	2	1	1	3	3	3	3	3	3
RWVP601573	1	1	3	2	3	3	2	3	3
RWWO749654	1	0	0	3	2	1	4	4	3
RXBB393917	3	3	3	4	4	4	3	4	4
RXJU779668	5	4	4	4	3	3	5	5	3
RXLV488240	4	3	3	4	3	3	4	4	4
RXLY753650	2	3	4	4	5	4	0	0	1
RXRO971637	5	5	5	5	5	5	5	4	5
RYIJ116777	0	1	2	1	2	2	2	4	3
RYIR293763	0	2	2	3	3	4	3	3	3
RYIR507965	3	4	4	1	1	3	4	3	1
RZBA567409	5	3	3	5	5	5	3	4	1
RZFB152588	3	1	2	3	3	2	2	2	1
SADL506448	2	3	3	3	2	3	4	4	3
SAHG614996	3	2	2	4	2	3	4	4	4
SAJB584135	3	3	3	4	3	3	3	4	3
SBKD602580	0	0	0	4	2	1	4	4	3
SCET891885	4	2	2	4	5	5	4	4	4
SCGI899218	4	5	5	5	5	4	3	4	4
SCGV427758	4	3	2	3	3	3	1	2	4
SCGV559693	2	2	1	3	3	2	3	3	3
SCLQ125218	3	3	3	4	4	4	4	4	4
SCQY509252	3	5	5	5	3	3	3	4	4
SCSB764169	3	4	2	3	3	2	4	4	4
SCXJ557746	4	3	3	3	4	3	4	3	3
SCYG503998	3	2	2	4	3	2	3	4	3
SCYX685918	3	4	4	4	3	3	3	2	5
SCZT601379	3	1	0	3	3	2	1	3	1
SDCL653235	3	1	0	4	2	3	4	4	3
SDFH232544	3	0	0	3	5	5	3	3	1
SDOF734247	4	2	3	4	4	4	4	4	3
SDXU363999	3	2	3	3	4	4	3	4	2
SDYI185912	3	3	3	3	3	4	3	4	3
SECN287685	3	2	3	2	2	2	2	1	1
SEDO314138	3	3	3	3	2	3	3	3	3
SEGL262677	3	3	3	5	3	2	5	4	3
SEGX672906	3	3	3	4	3	3	3	5	3
SEXF262285	2	0	0	3	3	1	3	1	1
SEZB781541	3	3	2	3	3	3	4	4	4
SFEN843361	3	2	3	3	3	3	2	3	3
SFGM384940	2	3	4	4	1	1	3	4	5
SFKE818575	3	2	1	4	4	3	3	3	1
SFKP230551	4	2	4	3	3	4	3	3	3
SFMK899039	1	1	1	1	1	0	1	1	2
SFOE820885	1	1	1	3	3	2	3	3	3
SFOX189559	2	1	1	2	2	1	1	4	3
SFQT859797	3	3	3	4	2	3	4	3	3
SFWH806348	4	2	4	3	4	4	4	4	4
SGJK916122	4	3	3	4	5	3	4	4	5
SGSD937146	2	2	0	3	4	4	0	0	0
SGZG508913	3	0	0	1	2	1	2	3	3
SHGZ545683	1	0	1	4	3	0	4	4	4
SHIH629415	4	3	3	3	3	3	4	4	4
SHSP874185	4	3	4	4	4	5	4	4	5
SIBP188213	4	3	3	4	4	3	3	3	3
SIBU670401	3	3	3	3	3	3	3	3	3
SIGJ528866	2	0	0	1	1	2	3	3	4
SIQG940337	4	4	4	1	1	1	0	1	1
SJEY917094	2	2	2	4	3	2	3	4	3
SJJH176291	2	4	2	4	2	3	4	4	3
SJMZ716298	4	3	3	4	5	5	3	4	3
SJNQ715133	3	3	3	4	4	3	4	4	3
SKBP229993	3	2	1	3	2	1	3	3	3
SKEX958194	3	1	1	4	2	3	3	4	2
SKOH789861	3	2	2	3	3	3	4	3	4
SKPJ214302	1	1	0	1	3	3	3	3	3
SKQQ542704	5	4	5	4	4	4	4	4	4
SKSW266873	2	2	2	2	2	1	3	3	3
SKWM347786	1	0	0	1	0	0	1	1	0
SLDZ474011	1	2	2	1	3	3	3	4	3
SLHB819910	2	1	0	3	2	1	0	0	2
SLKR166750	3	4	4	4	4	3	3	3	4
SLLH505178	4	3	2	4	3	4	3	4	3
SLON124336	4	2	4	4	3	2	4	3	4
SLTW317454	4	4	4	5	4	3	2	3	3
SLVU923276	0	0	0	0	0	0	0	0	0
SLYL325980	2	1	1	1	1	1	2	3	2
SMAZ393409	3	4	1	2	4	4	0	2	2
SMET698673	5	5	5	3	5	5	3	3	5
SMJX520879	3	5	3	4	4	3	2	3	2
SMZS139240	3	2	3	0	1	1	2	1	1
SNBL670514	4	2	3	4	3	3	2	2	3
SNLC410526	3	2	1	0	1	2	2	2	2
SNMW322434	3	0	0	3	2	2	3	4	4
SNPS669016	2	2	1	4	4	3	3	4	3
SNWT787604	3	3	0	4	4	1	4	5	3
SNYG264860	5	4	4	3	3	3	3	3	3
SOBQ612920	4	3	3	3	3	2	3	3	3
SOFM240635	3	3	3	4	4	4	3	2	2
SOLF818616	3	3	3	0	3	3	0	0	0
SOLH316051	1	1	1	0	0	1	1	1	0
SOLK333370	3	2	4	3	4	3	4	4	4
SOVU484155	2	4	5	3	4	4	3	4	3
SPIR804177	4	4	4	4	4	3	3	3	3
SPMY926220	1	3	3	4	3	1	2	2	3
SPNL842858	4	3	2	3	3	2	3	3	2
SPTQ359793	0	0	0	2	1	1	2	2	2
SPUX113724	4	3	5	5	4	4	4	4	3
SPXE761028	3	3	3	4	4	5	3	4	4
SQBM177556	3	0	0	0	0	0	4	1	0
SQBQ725092	3	3	3	3	4	4	4	3	4
SQEJ871698	4	3	1	4	3	3	4	3	2
SQFC952398	4	2	3	3	3	3	4	5	4
SQSL681437	3	0	0	4	4	4	4	4	4
SQSM938587	3	2	1	3	2	4	2	3	2
SRQD869483	3	4	3	4	4	4	3	4	3
SRQM634104	2	2	2	2	2	2	2	2	2
SRVB974269	2	2	2	3	2	2	2	2	1
SRZU424449	4	3	2	4	4	4	4	5	3
SSAM749795	2	1	2	3	2	3	3	3	3
SSDG502653	1	3	3	0	4	2	2	1	1
SSFN609631	3	2	2	3	3	3	3	4	4
SSKI505486	5	3	4	5	4	3	4	5	4
STAW433548	5	2	4	4	3	2	4	3	4
STJR578619	4	3	3	3	2	3	3	4	3
STLE364251	5	4	5	4	5	5	3	3	4
STPY415676	2	2	0	3	3	3	2	3	3
STSA167799	2	4	4	3	4	4	3	4	4
STWI194877	2	2	2	2	2	2	1	2	3
STXS938065	2	4	3	3	1	2	4	4	3
STYB527409	4	1	2	3	3	3	4	3	4
SUAD828941	4	4	4	5	4	4	4	4	4
SUJJ580836	3	3	3	3	3	3	3	3	3
SUQA186411	4	2	3	4	4	3	4	4	2
SVET681998	0	1	0	1	1	0	2	0	1
SVFW547087	3	2	4	4	4	4	4	3	4
SVJA386742	4	2	4	0	3	3	3	1	1
SVJL710652	3	3	3	4	4	3	3	3	4
SVWR963641	4	3	1	1	0	2	1	4	3
SWAS668989	1	3	1	3	3	2	2	4	2
SWBU832797	3	3	3	3	4	4	3	4	3
SWJH644278	4	2	1	3	3	2	4	4	3
SWJX409701	2	2	1	2	2	1	1	2	2
SWLT274874	4	4	3	3	3	3	4	4	4
SWQM896950	3	4	3	3	4	4	0	0	0
SWTD489138	4	0	0	4	4	4	4	4	4
SWWG426420	4	3	1	4	2	3	4	4	4
SWYA687343	3	0	1	2	0	0	2	3	3
SXCX793858	3	2	1	2	2	2	2	4	3
SXFZ634794	3	2	3	3	2	3	1	3	2
SXKU588296	5	4	5	3	3	4	3	4	4
SXND344574	2	1	0	3	3	3	3	3	3
SXNX953419	0	0	0	0	0	0	0	0	0
SXPW934095	2	2	4	1	4	3	0	0	1
SXTN639010	3	3	3	3	3	3	3	4	3
SXXW622752	4	3	1	4	4	4	3	3	1
SYDA747885	4	4	5	4	4	4	3	3	3
SYDN747846	3	3	2	4	4	4	2	3	3
SYFK568064	0	1	1	1	0	0	2	2	1
SYGZ163696	3	2	3	4	3	2	4	3	2
SYJF446190	3	2	0	2	3	3	1	1	1
SYOA793692	3	3	2	4	4	2	3	4	3
SYOX483922	3	3	4	5	5	4	4	5	4
SYQV738567	4	3	3	4	4	4	4	4	3
SZGV284104	5	3	3	1	4	5	1	1	1
SZJF624475	4	3	3	3	3	3	3	4	4
SZVL821239	3	3	3	4	3	4	4	4	3
SZWS989190	3	2	2	4	3	2	4	4	4
TACF164444	4	3	2	4	4	3	3	4	3
TAEK276885	4	3	3	2	3	2	4	4	3
TAHF475602	4	4	4	4	4	4	3	3	3
TAKF164718	4	4	4	4	4	4	4	4	4
TAPD808076	3	3	2	4	3	3	4	4	4
TAPQ968805	4	3	3	3	2	2	3	2	2
TAWA873213	3	0	1	3	3	1	0	1	4
TBAD554262	1	3	3	4	3	4	4	4	3
TBHU424192	1	0	0	2	2	1	3	4	3
TBLY350890	3	3	3	4	3	3	4	4	4
TCJI233081	4	3	2	4	4	4	4	4	4
TCKR752045	2	1	0	1	1	0	2	2	0
TCMM552628	3	2	2	3	2	2	2	4	3
TCPG930891	2	2	2	4	3	3	3	4	3
TDGH245052	4	2	5	5	5	5	3	3	5
TDIL519285	1	1	0	2	2	2	3	2	2
TDJK115552	2	0	2	3	3	4	2	1	1
TDJR424235	4	3	2	3	3	3	2	3	3
TDLV591302	4	5	3	4	4	4	1	2	3
TDPU494619	4	5	4	3	5	5	2	3	4
TDTM312853	4	3	3	3	3	3	3	3	4
TDVK767958	3	3	2	4	3	4	3	3	3
TDVR695963	4	3	3	4	3	4	4	3	4
TECN219628	3	2	2	2	2	3	3	3	3
TEMQ784589	3	1	1	1	1	3	2	3	2
TFLD254174	2	1	0	0	2	2	3	3	0
TFPE904757	0	0	0	3	0	0	2	1	2
TFPK807991	0	0	0	1	1	0	0	1	0
TGBS419540	3	3	1	3	2	3	3	4	4
TGMG864567	4	3	4	3	4	4	3	2	4
TGPP839421	4	2	3	4	3	3	4	4	3
TGQV340102	4	3	2	3	4	3	2	2	2
THCK724048	3	2	2	3	3	2	3	3	3
THES769060	0	0	0	0	0	0	0	0	0
THEV660161	1	3	1	4	3	2	3	3	4
THMF313136	3	2	1	4	4	3	2	4	4
THVE992718	3	1	2	3	2	2	4	4	4
THVG606019	3	2	1	2	1	2	3	2	3
TIHC992144	2	1	0	2	2	1	0	0	0
TIHR542023	4	2	3	3	2	3	4	4	5
TILV866048	3	4	3	4	3	4	3	3	3
TINM302145	4	3	4	2	1	2	4	4	4
TIUT396323	3	3	0	2	1	2	1	3	0
TJAI518550	1	1	1	1	2	2	3	3	2
TJGD317924	2	1	1	3	3	2	2	3	3
TJHR223002	4	4	3	3	2	1	4	4	5
TJLN390900	3	2	0	3	3	1	1	3	3
TJNL609570	4	4	4	3	3	4	2	3	2
TJSB461486	1	2	1	4	3	3	4	5	3
TKDF365733	3	4	3	4	3	3	2	3	3
TKNU384056	4	4	4	2	2	4	3	3	3
TKWC484044	4	5	4	4	3	3	2	3	3
TKXJ781396	2	0	0	0	1	1	1	1	1
TLCX555191	3	1	1	4	3	3	3	4	3
TLOX338645	3	1	0	3	3	3	3	3	3
TLPE468307	3	0	0	3	3	2	0	3	3
TMBU231337	4	3	4	4	4	4	4	4	4
TMFT317219	4	2	2	4	3	3	4	4	3
TMRC954264	2	0	0	2	1	1	0	1	3
TMUK203121	4	3	4	4	4	4	2	2	3
TNCV685399	4	3	3	2	3	3	0	0	0
TNCZ868678	2	0	0	0	3	0	1	3	3
TNHA848535	5	0	4	1	2	4	3	3	4
TNIG502736	3	1	0	4	2	2	3	4	3
TNIU294742	3	3	1	4	4	4	3	3	3
TNNP193428	3	3	2	2	2	2	3	3	2
TNNQ470634	4	4	5	0	5	5	0	0	0
TOAH763951	2	3	2	3	3	2	2	3	3
TOMN124514	4	2	3	3	3	3	4	4	4
TOMX725412	3	2	2	3	3	3	3	3	3
TORM834891	4	3	3	4	4	4	3	4	4
TOUG330541	4	3	4	4	4	4	4	4	4
TPIF210572	1	3	2	3	4	3	1	0	1
TPKU866044	1	0	0	3	2	1	2	3	2
TQCG329818	3	1	3	0	4	4	1	1	1
TQEU208510	2	1	3	4	2	3	4	4	4
TQJX853769	4	3	3	3	3	1	2	2	2
TQKL812658	3	1	2	3	3	3	3	4	4
TQLA455561	3	1	2	4	2	3	3	4	4
TQNJ320522	4	5	4	4	4	3	1	2	4
TQPI486806	3	2	2	3	3	3	4	4	3
TQXU488183	3	4	3	2	2	2	1	2	2
TQZR778443	2	2	3	4	3	4	3	3	4
TRAM837739	2	0	0	2	0	0	3	1	3
TREC704201	3	3	3	4	3	3	3	3	3
TRGY514397	3	3	3	4	4	4	4	3	4
TRKD943273	2	3	3	4	3	3	4	4	2
TRPJ369826	2	1	1	4	1	2	3	4	4
TRPV663442	5	4	4	4	5	3	3	5	4
TSIQ739017	4	3	4	4	3	4	4	5	4
TSLQ158810	3	3	3	4	4	4	3	4	3
TSPM637517	4	3	4	1	3	3	1	1	3
TTOC106567	4	4	4	4	4	4	4	4	4
TUAV472196	4	4	4	4	3	3	0	4	5
TUDW279601	3	4	4	3	3	3	3	3	3
TUGB111434	3	1	2	2	2	1	4	4	3
TUJG991469	2	2	2	3	3	2	4	4	3
TUNA986532	1	3	1	4	3	1	4	4	3
TUOX232622	4	3	3	4	4	3	4	3	2
TUWJ573426	3	3	3	4	4	4	4	4	4
TUYL213890	3	3	1	4	4	3	4	4	4
TVIO321057	3	1	1	5	5	3	4	3	4
TVWJ537696	3	1	1	3	3	3	2	2	2
TWCY793268	2	2	2	2	2	3	3	3	2
TWEV121500	3	1	0	1	3	2	2	3	3
TWOJ784549	4	4	5	4	5	2	3	4	4
TWVL959931	2	2	3	1	2	3	2	3	3
TWWH752963	3	2	1	3	2	3	3	4	4
TXCI169934	3	0	0	3	3	3	1	2	3
TXEH183880	3	2	1	2	2	1	3	3	1
TXJX840512	2	2	0	2	1	1	2	2	2
TXOC409462	1	1	0	0	0	1	2	2	2
TXRD105358	3	3	3	5	5	5	4	4	4
TXTU169937	2	2	3	1	2	3	2	2	3
TYEO965858	3	4	3	4	3	3	3	3	4
TYNB693644	2	2	0	4	4	3	2	3	2
TYTB899402	5	5	5	3	3	3	3	3	3
TYUY322898	1	0	1	0	2	2	1	0	0
TYXB327263	1	0	0	2	2	0	2	2	1
TYXS774901	4	3	3	4	4	4	4	4	4
TYXY678301	3	3	3	3	3	3	3	4	3
TZGC935460	2	5	4	4	4	3	4	2	3
TZHO148442	4	4	4	4	5	3	3	4	2
TZSJ712795	3	4	2	3	2	2	1	1	2
TZTA956582	1	1	1	2	1	1	1	1	3
TZVE853808	4	2	4	3	3	4	3	4	4
TZYN909249	3	1	2	2	2	2	2	3	3
UAGK967146	3	2	3	4	3	3	4	3	4
UAPC565390	2	1	2	4	3	2	1	1	2
UBAC335505	2	0	2	0	3	3	2	2	2
UBGA806848	3	1	0	1	1	0	3	3	4
UBRE257467	1	3	2	3	3	2	4	3	4
UBYT290159	3	4	3	2	2	2	1	3	3
UCCB578116	3	2	2	4	3	2	3	3	2
UCJD612274	2	2	3	2	3	2	2	3	3
UCRT530828	2	3	0	2	1	1	1	3	2
UCZF812673	5	5	3	3	4	4	4	4	3
UDBN664043	2	2	1	2	2	2	4	4	3
UDFD599119	4	4	4	5	4	4	4	3	4
UDML264079	5	5	5	4	5	4	3	4	4
UDNO993718	3	2	2	3	2	2	1	2	3
UDRM961824	3	1	1	3	3	2	1	3	3
UDUV360418	4	4	4	4	3	3	1	1	3
UDUY471459	1	1	1	1	1	1	1	1	1
UEZT452539	3	3	1	3	2	3	3	4	4
UFDG540869	1	0	0	2	0	0	2	3	3
UFIV426257	5	3	3	4	4	4	4	4	3
UFQG210316	4	3	3	3	3	3	3	3	3
UFVM197879	4	3	3	3	3	3	3	4	4
UGLQ198973	3	3	3	3	3	3	3	4	4
UGSU165149	2	2	1	1	0	0	3	3	4
UHAK775359	3	3	3	4	4	4	3	3	3
UHCG601465	0	4	0	2	2	2	0	0	0
UHFH546189	4	3	3	3	4	2	1	4	3
UHMW792997	0	0	0	2	1	3	1	2	2
UHSN135782	5	2	4	4	3	2	4	4	5
UHSW381456	2	1	1	2	1	2	2	3	2
UIHO663490	3	0	4	3	4	2	4	3	4
UIJJ775749	2	2	1	3	3	2	4	4	2
UIKR517111	4	1	1	3	3	3	3	3	3
UILA341136	2	3	2	4	4	4	2	3	4
UIPT878789	0	1	0	3	1	0	2	2	1
UIYE560787	2	2	3	3	4	4	4	3	3
UJCF616055	3	3	3	3	3	3	2	2	3
UKBK612401	3	3	2	4	3	3	4	4	4
UKDH445822	3	3	3	3	2	2	4	4	3
UKRD542508	4	2	4	4	3	4	3	4	4
UKWP122024	2	0	0	1	1	1	1	4	2
UKXX408502	4	3	4	4	4	3	4	3	1
ULBE350853	1	0	0	4	3	3	4	4	2
ULHZ117276	1	1	1	3	2	1	3	3	3
ULTG189631	3	1	2	0	1	1	2	3	0
ULZU162808	5	4	5	3	1	1	5	4	4
UMMK385035	5	5	5	5	5	5	4	4	4
UMOK291123	4	0	4	4	3	1	1	4	4
UMSQ903182	3	3	3	4	2	3	4	4	3
UMSY833357	3	2	1	4	1	2	3	3	4
UMUJ103660	3	3	2	3	4	3	3	3	4
UMXB894252	1	1	1	2	1	0	3	3	2
UNJR122296	5	3	5	5	4	4	3	4	5
UNND412134	4	1	1	3	2	1	3	3	3
UNQH960559	2	3	3	3	2	4	2	3	3
UNSQ195112	4	1	1	3	2	2	3	2	4
UNYS773084	5	5	5	5	5	5	3	4	4
UOEF897368	3	0	0	4	3	1	4	4	3
UOGG296542	4	2	3	5	5	4	5	2	4
UOIQ996962	3	3	3	4	4	4	3	3	1
UOMY779331	5	2	5	3	2	1	1	1	2
UOUU878491	1	1	0	2	0	0	2	0	0
UOVJ909649	1	1	1	1	1	0	4	3	3
UPBC686384	3	4	3	4	3	2	1	3	3
UPNU989521	3	4	4	4	4	4	3	4	4
UPON392823	4	4	3	3	3	3	4	3	3
UPTO157174	3	2	1	3	3	3	2	1	3
UPVT920186	5	4	5	1	0	3	1	2	0
UPVX642940	5	2	4	3	2	4	2	4	4
UPXT595905	4	3	3	4	3	3	4	4	4
UQAU650465	1	0	2	2	1	2	3	2	2
UQFP371843	3	3	3	3	3	3	0	2	3
UQGL937881	3	3	3	3	0	3	3	3	2
UQGS954283	3	2	1	3	3	2	3	3	3
UQMM532116	3	2	2	2	1	1	2	2	2
UQPM859538	5	5	5	3	3	5	3	3	3
UQQR837574	4	2	4	3	2	2	4	4	4
URMF582066	5	4	4	2	4	5	2	3	3
URNQ161142	0	0	0	0	0	0	0	0	0
URQO288072	3	1	2	1	3	3	3	2	3
URVE285659	0	0	0	0	0	0	0	0	0
USAT120066	4	3	4	5	3	4	3	4	4
USDD808585	4	1	0	3	2	1	3	3	2
USEO650568	0	0	0	0	0	0	0	0	0
USGF893331	4	2	3	3	2	3	4	4	4
USHA269657	4	3	2	3	4	4	3	2	3
USLO759613	2	3	4	3	2	2	4	4	4
USXG326040	4	1	3	3	2	2	2	3	3
USZF337223	0	2	2	3	1	0	3	3	4
UTCU163510	4	3	3	4	4	3	3	3	4
UTDN569305	3	0	1	2	0	0	0	3	3
UTEP406313	1	2	1	4	2	2	3	4	3
UTMX967043	3	5	5	5	5	5	4	4	5
UUED133758	3	0	0	3	3	2	4	3	3
UUIX810835	3	0	0	1	2	2	0	3	2
UUQG214423	0	1	0	2	1	0	1	1	3
UURQ525136	0	0	0	4	4	4	3	4	4
UVAE597328	4	3	3	4	3	2	3	4	4
UVAH518652	5	2	2	5	5	5	0	0	2
UVKV511789	1	0	0	0	0	1	0	0	1
UVZT547682	1	0	0	0	4	1	3	4	3
UWDM664753	0	1	1	0	0	2	0	0	0
UWFF840469	2	2	2	2	2	2	2	2	2
UWMZ409660	3	3	3	4	4	2	4	4	4
UWPI535485	4	3	4	3	3	3	5	5	3
UWTY137822	4	4	3	2	2	2	3	3	3
UWUF480834	2	2	3	1	4	4	3	3	1
UWXA521710	1	2	1	2	1	3	1	2	2
UWYB807780	3	4	3	4	5	5	4	4	4
UXAK746238	3	4	3	3	5	3	3	4	3
UXBS315618	2	1	1	0	2	2	2	1	2
UXPE572738	4	2	1	2	4	4	0	1	4
UXUV204816	4	4	4	2	4	5	3	3	3
UYGG123711	3	4	3	1	1	3	4	3	3
UYGL579871	4	4	4	3	4	4	0	1	4
UZQI364564	3	3	5	3	4	3	4	5	5
UZXQ669345	4	3	1	2	2	2	3	3	3
UZXW525616	4	4	3	4	5	4	4	5	5
VABK778468	4	3	4	2	1	3	4	4	5
VAJR182470	4	3	3	3	0	0	4	4	4
VAOK274677	2	3	2	3	4	3	0	3	4
VAOM725062	1	3	3	2	2	3	3	3	3
VAQO479772	3	2	2	4	3	3	4	5	4
VARN259236	2	2	1	2	2	1	1	1	2
VAZI324818	0	0	1	2	3	3	2	3	3
VBAY337361	4	1	1	3	2	2	4	4	3
VBGW938253	4	3	3	4	3	2	3	4	3
VBMQ902112	3	3	4	4	3	4	3	4	3
VBMR143400	3	3	3	4	4	3	3	4	4
VBUD832383	5	4	4	0	4	4	0	0	3
VBYB185650	4	3	5	5	5	5	2	3	2
VBZN454188	4	4	4	4	4	4	4	4	4
VCBQ594572	1	0	0	2	3	1	3	1	0
VCNR791571	3	1	1	2	2	1	2	3	2
VCPS440902	4	3	4	4	5	5	4	4	4
VCSG442572	1	1	1	1	1	1	0	1	1
VDSY388120	3	3	3	2	3	3	1	1	1
VDTE225209	4	3	3	4	4	3	3	3	3
VEQJ303035	4	3	3	4	3	3	3	4	3
VEUH960474	0	1	1	2	0	0	2	2	2
VEUX380441	3	1	0	2	1	3	4	4	4
VEWM869491	3	3	3	4	4	3	4	4	4
VFEK261068	4	4	3	3	3	3	4	4	3
VFGV897583	2	2	3	3	3	3	3	3	2
VFNX225211	3	3	2	1	0	0	0	0	0
VFOP520254	4	5	5	5	5	4	3	1	1
VFYC167618	1	2	0	4	2	2	3	3	4
VFYZ896496	1	1	1	3	3	3	1	2	3
VGAA664411	2	2	1	1	0	1	0	2	3
VGIH243283	3	2	2	4	4	3	3	3	3
VGQD469573	4	3	3	4	5	4	3	3	1
VGQD521813	1	0	0	3	2	1	3	3	2
VHGF306013	2	3	2	4	3	4	4	4	3
VHGY960467	4	2	3	4	3	2	4	4	3
VIDB131992	5	5	4	0	4	4	3	4	3
VIDS531377	3	4	4	3	3	3	3	3	4
VIFJ622974	3	3	4	4	5	5	4	3	4
VIGV498126	0	2	2	0	0	0	1	1	1
VIJB645082	4	3	3	5	5	4	4	4	3
VILO273655	4	2	2	4	4	4	4	4	4
VILT500510	3	1	2	3	2	2	2	4	3
VIMT607485	2	1	2	2	2	2	2	2	2
VIQF818784	2	4	2	3	3	2	3	3	3
VIQO809912	3	3	4	2	1	1	3	4	4
VITJ910630	4	4	2	2	3	4	1	1	2
VIVI303166	3	5	4	5	4	5	4	4	5
VIYL191953	2	3	1	2	3	3	2	3	3
VJQN137617	2	2	2	3	2	1	3	4	4
VJRC544631	4	2	3	3	3	3	3	3	3
VJZV179456	0	1	1	2	1	1	3	3	3
VKRE227333	3	2	1	4	2	2	4	4	3
VKWK602801	3	2	0	3	2	3	2	3	2
VLHX349863	0	1	0	3	3	1	3	3	3
VLXK215435	4	0	0	5	5	4	5	5	5
VMCJ190381	2	1	1	3	2	2	2	3	4
VMHK137232	3	3	2	3	2	3	4	4	3
VMLN878409	4	3	3	3	3	3	3	3	3
VMSK746245	0	0	0	0	0	0	0	0	0
VMZP627277	4	3	4	4	3	3	4	4	4
VNPQ795815	1	2	0	3	3	1	2	2	1
VNPW915061	4	1	0	4	4	4	4	4	3
VNSX919828	3	5	5	4	4	3	5	5	5
VNTZ230100	3	2	2	3	4	4	3	2	2
VOCG954076	3	4	4	4	3	5	3	3	4
VOCZ556539	1	0	0	4	0	5	1	2	1
VOIN981153	1	1	1	2	2	1	2	3	2
VOOS107416	5	4	3	4	3	4	4	4	4
VOUO178527	4	2	3	5	4	3	3	3	1
VOWX536285	0	2	0	3	3	3	3	3	3
VOZF429756	2	2	3	3	4	4	4	3	2
VPBF672709	3	0	0	2	2	1	3	3	3
VPJF842171	2	0	0	4	1	1	1	1	2
VPLF918296	1	0	0	3	3	2	2	1	1
VPRJ755521	1	2	3	0	3	3	3	4	4
VPWP398732	0	0	0	0	0	0	0	0	0
VPZD339614	4	4	3	4	3	3	4	4	5
VQJB701150	3	3	3	4	3	3	3	3	3
VQKA438660	3	3	3	4	1	2	3	4	4
VQLO641198	1	4	3	4	4	4	3	3	3
VQPV954976	3	3	3	3	3	3	3	3	3
VQRN730799	3	5	5	4	5	4	3	4	4
VQUK225270	3	2	2	4	3	4	3	4	4
VRCG514713	2	0	0	4	3	3	3	4	3
VRIU182693	4	3	4	3	3	4	3	4	4
VRMV343184	4	5	5	5	4	3	3	3	4
VRPD337344	2	1	1	1	2	1	2	1	1
VRPM393979	0	0	2	2	1	0	2	3	3
VRVH839622	3	2	4	3	3	2	1	2	3
VSHN452436	3	0	0	1	3	3	0	0	0
VSIS900959	2	3	2	4	3	4	4	3	3
VSRG431866	3	3	3	3	3	3	3	4	3
VSVO383272	5	4	2	2	2	4	2	2	2
VSYF662407	3	0	2	2	1	1	3	3	2
VTBG937017	4	1	4	2	1	1	3	4	4
VTEV960415	3	2	3	3	1	1	3	3	3
VTFN392591	4	4	4	4	3	3	4	4	4
VTGQ536439	4	3	3	4	4	3	4	4	3
VTIO153606	4	3	2	2	2	3	3	3	2
VTNZ679265	3	2	3	3	4	3	4	4	3
VTOZ776491	4	3	3	4	5	4	1	2	3
VTXK541049	2	2	2	3	2	2	3	3	2
VTZV280835	4	4	4	3	5	5	2	2	3
VUDR121347	3	3	3	4	3	4	4	4	4
VUHG589091	4	1	1	3	3	3	3	2	2
VURQ617880	1	3	2	2	2	3	3	2	0
VVDY456145	3	5	3	5	4	4	4	4	3
VVJM757773	0	4	0	5	5	0	5	5	5
VVND630090	4	4	4	4	3	3	5	4	4
VVNV838091	3	3	2	2	2	3	3	1	2
VWAX664387	3	2	3	4	3	3	3	3	3
VWBY601497	3	4	3	2	2	2	1	2	2
VWLS547719	3	2	1	3	3	2	3	3	3
VWUH413238	3	3	3	3	3	3	4	4	4
VXRA879116	3	2	2	4	3	3	4	4	3
VXUS996992	3	4	4	4	5	3	3	3	3
VYBR248030	0	0	0	0	0	0	0	0	0
VYGB143892	2	3	1	4	4	4	3	3	3
VYGU998275	1	2	1	2	2	2	1	1	3
VYNC722008	3	4	4	5	4	4	3	3	2
VYTD206544	2	3	3	4	3	1	4	4	4
VYTY747592	3	2	1	3	1	1	3	4	2
VZAZ197636	3	0	3	3	3	4	2	3	2
VZDO736855	2	3	2	4	3	3	3	3	3
VZFH526306	0	0	0	2	1	0	3	3	2
VZYM794058	3	3	3	3	3	3	3	3	3
WAAF623390	3	3	3	3	3	3	4	4	3
WAIT702308	4	1	1	1	4	2	1	1	1
WALD569984	4	4	4	1	4	3	2	3	3
WASG104724	3	1	1	1	3	3	1	1	1
WAUM126806	3	0	0	3	1	1	0	1	3
WAWB752958	3	2	3	4	4	4	4	4	3
WAXF929897	2	2	2	2	2	2	2	2	2
WBCX247430	3	3	2	3	3	3	4	4	4
WBUI443710	2	1	2	4	4	1	3	3	4
WCBK109960	3	2	5	4	4	3	4	4	4
WCFQ473115	0	0	0	4	3	3	4	4	3
WCIR444151	4	0	4	3	1	1	3	3	4
WCIT284135	0	2	0	1	3	1	0	1	1
WCLM571427	4	3	2	2	2	3	2	3	1
WCRK716814	0	1	0	2	0	1	1	2	2
WCTT882696	4	4	4	3	3	3	3	3	3
WCXT821579	1	0	0	4	0	2	3	4	1
WCZQ218620	0	3	2	2	2	1	3	1	2
WCZW571940	3	1	0	1	0	0	2	3	3
WDDM235425	1	0	1	1	1	1	1	1	1
WDIO347141	3	0	0	3	1	1	2	4	3
WDTY931320	1	0	0	2	1	0	0	1	2
WDVC114002	4	1	0	2	1	1	3	3	3
WDWI377128	1	3	2	3	4	2	1	3	3
WDZK788878	3	2	1	4	2	3	3	4	2
WEIF662901	4	4	4	4	3	3	4	4	4
WEJJ980468	4	3	3	4	3	4	3	3	4
WEPH911558	0	0	0	5	0	0	0	0	0
WFEP304409	3	2	3	1	2	3	0	1	2
WFIV666052	3	3	1	4	3	2	4	4	4
WFPB550765	3	4	4	2	2	3	1	3	3
WFQG596050	4	2	5	3	3	4	4	2	3
WFQN158484	3	1	3	3	3	1	3	3	3
WFSA527827	3	0	0	4	1	1	3	4	4
WFZL934481	4	3	3	4	4	4	3	2	4
WGBG340640	2	4	3	4	4	4	2	4	4
WGCZ288142	1	2	3	4	3	3	2	2	3
WGDV481182	4	3	4	4	5	5	4	4	5
WGFV948095	3	1	0	4	4	2	3	4	1
WGIX749397	3	1	1	4	3	3	2	3	3
WGSO923263	4	2	1	1	0	1	3	0	1
WGYG697166	5	4	3	5	5	4	2	4	3
WGYZ829872	4	3	3	4	3	4	2	3	4
WHOX393369	3	3	4	4	4	3	4	4	4
WHPQ665580	3	3	1	3	3	2	0	3	3
WHWU298103	3	4	3	3	5	5	1	1	1
WIEP652342	1	0	0	3	1	1	2	3	2
WIGC710842	3	0	1	5	3	0	2	3	3
WIIE793463	4	4	3	3	3	3	3	4	3
WIJE955884	4	3	3	3	4	3	1	3	3
WJBM904663	5	5	4	4	3	4	4	4	4
WJCW628602	4	3	1	1	1	1	1	1	3
WJNI709436	4	0	4	0	4	4	3	2	4
WJUI734650	3	2	2	3	2	3	3	3	3
WKFO621164	5	3	4	4	4	4	3	3	2
WKMF835414	2	1	0	3	1	0	3	2	3
WKMW523835	1	1	0	3	2	4	1	2	1
WKRB276703	3	5	4	4	4	4	3	3	3
WKVT285595	1	0	4	3	0	3	4	3	1
WLBS875294	4	3	3	1	1	3	2	3	3
WLGR774247	4	4	3	4	3	4	4	4	4
WLTH647659	4	4	4	2	1	2	2	3	3
WLVL838532	0	0	0	1	1	1	1	1	1
WLXB249122	4	4	4	4	4	4	3	4	4
WMEL562069	4	4	3	4	3	4	4	4	4
WMHH730111	3	3	3	1	0	0	1	1	0
WMJK680644	3	0	1	1	0	1	1	1	0
WMOH730342	4	1	1	4	4	2	2	3	3
WMTS175272	4	1	1	4	4	3	3	3	3
WNAR774848	3	1	3	4	3	4	3	4	4
WNBN835434	5	1	0	3	2	1	3	3	4
WNEZ227086	3	2	3	1	3	4	3	3	4
WNJQ354506	2	3	2	4	3	3	3	4	3
WNPN393199	2	2	1	3	1	1	1	3	3
WNWE544037	4	2	4	4	2	2	3	4	3
WNWE852189	4	3	3	4	4	4	4	4	4
WOHA496394	4	4	5	5	4	4	4	5	4
WOJL981538	2	0	0	3	2	2	2	2	3
WOJY780875	3	2	2	3	3	3	3	4	4
WOUD296435	2	3	2	4	3	1	3	4	3
WOXC517498	4	4	3	2	1	1	4	2	3
WPPM332014	4	2	2	4	4	1	3	3	1
WPUX722769	3	1	1	2	0	0	3	3	1
WPUZ242438	1	1	0	1	0	1	1	2	2
WPYW602964	4	3	2	1	1	1	2	3	1
WPZC407559	4	1	3	4	4	1	4	4	2
WPZO427801	4	1	4	3	4	3	4	4	4
WQEV410130	5	3	3	3	4	3	2	1	1
WQEY430601	5	4	4	4	5	4	4	4	3
WQHU615683	3	2	1	4	4	2	1	3	3
WQJW473125	4	3	3	3	2	2	3	3	3
WQKQ542723	4	3	4	3	4	4	3	2	4
WQSY925676	4	4	4	3	4	4	2	4	4
WQWC344387	3	4	4	4	3	3	4	4	4
WRCT383048	3	2	2	5	4	4	4	4	3
WRKL871179	2	3	2	4	1	0	3	4	3
WSCW575540	2	2	2	2	2	2	3	2	2
WSDS583315	4	4	3	0	3	2	3	3	3
WSEW539219	2	3	4	4	2	4	0	1	2
WSFM756254	0	1	0	2	1	3	3	2	2
WSHK605371	1	1	0	5	3	2	3	3	3
WSRJ860626	4	4	3	2	2	4	4	4	4
WSWK434876	0	0	0	1	1	1	2	1	1
WTAA770753	1	0	2	2	0	0	1	2	1
WTBC895001	4	2	3	3	2	2	4	4	4
WTDF627827	3	4	3	5	3	3	5	3	2
WTFW508469	3	3	2	5	4	3	4	4	3
WTJC375271	5	3	4	4	4	3	5	4	4
WTJL221699	3	3	2	5	4	3	4	4	3
WTNV173235	3	4	3	4	3	3	4	4	5
WTTH754730	3	3	1	3	4	4	3	3	3
WTXU521707	1	1	1	1	1	1	3	3	3
WUKL149334	2	3	2	3	3	3	4	3	4
WULW970289	3	3	3	5	5	4	3	4	4
WUSY722619	3	2	3	3	3	3	3	3	3
WUUU139779	4	5	5	5	5	5	5	5	5
WUYD114480	0	1	0	2	0	1	0	2	2
WVCB597736	0	0	0	0	1	2	1	1	2
WVYX157485	2	1	0	4	4	3	4	3	3
WWNB552605	3	2	1	4	3	2	3	3	4
WWRR476960	4	3	3	3	4	4	3	3	3
WXCS922671	2	2	3	5	2	2	3	4	4
WXFK655620	3	2	3	3	4	4	2	3	4
WXQV804847	4	3	3	3	4	4	3	4	3
WXUI956576	2	3	3	3	3	3	3	2	0
WXWD785189	3	4	2	4	4	2	4	3	2
WXXB554814	3	3	2	4	2	2	3	4	3
WXYY428566	3	2	0	2	4	4	1	3	1
WXZI215340	3	2	3	4	4	4	3	4	4
WYCV554565	4	3	4	3	3	3	3	3	3
WYGQ842225	4	1	1	4	4	4	1	3	3
WYKY466322	3	2	2	4	3	2	3	3	4
WYTP808791	3	3	2	3	3	2	4	3	3
WYVY332866	4	4	4	2	3	4	3	4	3
WZFY568538	1	1	0	2	2	2	1	1	2
WZYX869059	2	1	1	3	3	1	3	3	3
XAAE615541	3	3	3	3	3	3	3	3	3
XACW181552	3	2	3	4	3	3	4	4	4
XANH489648	0	1	1	1	0	1	3	4	4
XAPC724807	2	4	3	4	4	4	3	3	4
XBJS379008	3	3	4	4	4	5	0	1	2
XBRW872746	0	0	0	2	1	1	1	1	0
XBUT873092	3	3	3	2	2	2	1	2	2
XBWN403407	4	2	3	1	3	2	3	3	2
XCBH747705	2	2	2	2	2	2	3	3	3
XCKD858072	4	4	3	5	5	4	3	4	3
XCPM126940	3	1	0	5	5	4	3	4	3
XDFL691971	1	2	2	3	2	1	1	2	3
XDTS567092	3	3	3	5	5	3	4	4	5
XDVH769817	3	0	3	3	3	3	3	4	4
XDWL850739	3	3	2	2	2	2	1	2	2
XDWX217429	1	1	1	3	0	1	2	1	3
XEDX135629	1	0	0	4	4	2	3	3	1
XEGN806586	4	2	2	3	4	3	2	2	3
XEKC354106	3	3	3	4	4	4	4	4	3
XEUP216425	3	4	3	3	3	3	3	4	4
XFHL358252	2	3	3	4	4	4	4	4	3
XFUT685374	4	4	2	2	1	4	1	4	4
XFXI800240	2	0	1	3	3	2	3	3	2
XGAO161029	3	3	1	4	4	4	4	4	4
XGFK796282	3	2	0	3	2	2	3	4	3
XGGV246231	4	2	4	4	3	3	3	4	4
XGIH121570	4	3	3	4	3	3	4	4	3
XGKC225656	3	3	3	0	0	0	1	1	1
XGXN563755	3	3	3	4	3	2	3	4	3
XHEK455890	1	0	0	1	0	0	1	2	4
XHLF769533	3	0	0	1	2	2	1	1	2
XHRT371941	3	1	4	4	3	5	3	4	3
XHSC685035	3	3	2	3	4	4	3	3	4
XIAD297058	4	5	4	5	5	3	4	4	4
XIAN143442	2	2	1	3	1	1	3	3	3
XIAY600889	0	0	2	3	3	3	3	4	3
XIBH693258	4	4	3	4	3	3	2	4	4
XIBX395597	1	2	1	3	2	1	2	2	1
XICA229368	5	5	5	3	5	5	4	4	4
XIFJ360973	2	3	1	3	3	2	2	2	3
XIJW707024	3	3	3	5	3	3	3	4	5
XILR819300	3	3	3	1	2	2	2	2	2
XIRJ874294	3	1	0	1	0	0	0	0	0
XIVX807623	2	1	1	0	0	1	1	3	3
XIXZ779803	4	1	0	3	0	0	2	0	3
XJAO480204	3	1	1	4	3	2	4	3	3
XJEN149884	0	0	0	3	2	2	2	4	3
XJID319367	3	2	3	2	3	2	2	3	3
XJJY553765	1	0	0	3	1	1	1	2	2
XJWX656958	3	3	3	4	4	3	4	4	3
XJZT721142	5	3	3	3	3	3	1	2	4
XKAV887091	3	2	3	4	4	4	2	3	4
XKDH454497	4	2	4	3	4	4	3	3	1
XKDP695442	2	2	1	3	2	2	3	3	3
XKEV920222	4	4	3	3	2	1	3	2	0
XKFK773240	2	1	3	1	2	1	2	2	1
XKHV412361	4	3	3	3	3	4	4	4	3
XKKQ348160	5	5	5	5	5	5	3	3	3
XKTO104340	4	2	0	4	4	4	4	4	4
XLIT827720	4	3	3	4	4	4	3	3	3
XLNF805921	3	1	0	3	3	2	3	3	2
XLSL649619	3	0	0	0	3	3	2	3	3
XMAW728061	3	2	2	4	4	4	2	3	2
XMNA527372	3	4	4	4	3	3	4	5	4
XMPY200036	3	0	0	2	2	2	3	3	3
XMVC828820	3	4	5	5	5	4	3	3	3
XMVH224570	5	5	5	5	5	5	4	5	5
XMXO694186	3	0	0	1	0	1	0	4	3
XMZG641761	4	0	0	3	3	2	3	2	3
XNIG986367	4	4	4	4	5	4	4	4	4
XNLS802325	1	1	0	3	2	2	1	3	3
XNWS376809	1	2	0	1	2	1	0	0	0
XNXD311246	0	0	0	2	0	0	0	1	0
XOCC934468	5	5	5	5	5	5	3	4	4
XOGV762049	4	3	3	2	3	3	1	2	1
XOHM434446	4	2	2	4	4	3	1	3	0
XOID835183	3	3	3	3	3	3	3	3	3
XOIH752577	0	0	0	0	0	0	0	0	0
XPKR289029	2	3	3	3	3	3	3	3	3
XPKR886229	4	1	0	3	3	3	0	2	0
XPTK968493	5	2	3	4	4	4	3	4	4
XQAY861608	0	2	0	2	3	3	1	1	1
XQGR860338	3	5	3	3	4	4	3	3	3
XQKD526998	2	2	1	3	3	2	2	3	3
XQKK679320	4	5	4	3	4	2	1	1	2
XQNT489943	3	2	3	4	4	4	4	3	4
XQPN181644	4	2	3	4	3	3	3	4	3
XQQF519972	2	0	2	3	2	1	3	4	3
XQTF857166	3	5	4	5	3	4	3	4	4
XQXA829941	4	4	3	5	5	3	5	5	3
XRBW399275	3	2	2	4	4	3	4	4	4
XRJY501546	4	1	1	3	4	3	4	3	2
XRKI861346	3	2	2	3	3	3	2	3	3
XRSQ553953	3	3	3	4	4	3	4	4	5
XRTY472592	2	2	2	3	2	2	3	3	2
XRYE988153	3	2	4	4	4	5	3	3	4
XSEQ361489	4	4	4	5	5	4	4	5	4
XSGM841219	3	3	3	4	3	3	4	4	4
XSIT215435	3	3	3	3	1	2	3	3	3
XSMV965612	3	2	3	4	5	4	2	2	0
XSQN693291	3	3	3	4	4	3	3	3	3
XSRF855332	4	4	4	1	4	4	1	1	1
XTFT554846	3	2	1	4	4	3	3	3	3
XTJT612249	4	4	4	5	4	4	3	3	4
XTKI345921	3	1	0	3	0	3	3	3	3
XTKW305626	4	1	1	4	4	3	3	3	3
XTPI399795	3	1	1	3	3	3	3	3	2
XTTM539514	2	2	1	4	4	3	4	4	3
XUGN104591	2	2	1	4	1	0	3	2	4
XUIG355711	3	1	0	4	3	2	2	3	3
XUJU905636	4	3	3	2	1	2	3	3	2
XUNM722231	4	4	4	3	4	4	4	3	3
XVKO790569	4	3	3	3	4	3	3	3	3
XVSH741197	3	2	3	4	3	3	3	4	4
XVWK142344	5	4	4	4	4	1	4	5	4
XVXJ577901	1	0	0	3	3	0	2	1	1
XVYW785324	3	2	4	1	3	4	4	4	4
XWAC171855	2	0	3	3	3	3	3	4	2
XWTE642402	3	3	4	0	5	4	0	0	0
XXCG375196	4	4	4	4	4	4	4	4	4
XXPN964771	3	1	3	0	0	1	1	0	1
XXSS912415	5	5	0	2	5	5	5	5	5
XXXY610223	3	3	2	2	2	2	1	4	4
XYCV539681	3	3	3	5	5	5	4	4	3
XYEM458999	4	3	4	4	5	5	4	4	4
XYGE803893	3	2	3	2	1	1	2	2	2
XYJO491132	3	4	3	3	3	2	3	3	3
XZEM182166	4	0	1	2	3	3	1	1	2
XZGD543680	3	2	3	5	3	3	4	3	2
XZOM102117	2	0	0	2	1	1	0	0	1
XZXS538216	4	5	3	4	3	3	4	4	4
XZYW738467	4	1	2	4	5	4	3	4	4
YAGP872901	3	2	3	3	3	3	2	3	3
YAKO294955	3	4	4	4	3	4	3	3	4
YASY160088	3	2	1	3	3	3	3	5	5
YATP527313	4	4	5	1	3	4	3	3	3
YBGO258070	3	0	0	1	0	1	1	2	2
YBIP810438	1	1	2	3	3	2	1	3	4
YBQA195202	0	0	0	3	2	2	2	0	0
YBRQ155549	1	3	3	3	2	1	0	1	2
YBXD426440	2	0	0	3	3	1	3	3	1
YCFX806902	4	3	2	4	2	2	4	4	4
YCJI416752	4	4	4	4	3	4	3	3	4
YCUZ369842	3	4	4	4	3	2	4	4	4
YDVL569930	3	3	1	3	1	1	1	1	1
YDXD149437	4	3	4	3	3	4	3	3	3
YDYY712709	3	3	3	3	3	2	3	3	3
YESV258190	3	3	3	4	4	4	3	4	3
YEYW670123	4	4	4	4	4	4	4	4	4
YEZS933742	1	3	1	3	2	3	3	4	3
YFFP407928	3	3	2	3	3	2	3	3	3
YFID414845	4	3	3	4	3	3	4	5	3
YFIX542782	4	3	3	4	4	3	3	4	4
YFNA562669	2	2	2	3	1	1	0	2	2
YFOF212429	3	3	3	4	4	3	4	4	4
YFPW137094	0	1	0	2	1	1	1	3	1
YFSN163304	4	2	2	4	4	3	3	4	3
YFUG762135	3	5	4	5	4	3	4	5	4
YFVZ559805	0	2	1	5	5	5	0	0	0
YFWR362799	3	3	2	2	3	3	3	4	4
YGDD584855	1	2	1	2	1	1	3	3	1
YGDV609994	1	3	2	3	3	3	3	4	3
YGFO528479	2	2	2	3	3	3	2	3	3
YGGP752453	3	3	3	2	4	3	4	4	4
YHCN335573	3	5	3	3	4	3	3	4	4
YHIE710821	0	0	0	0	0	0	0	0	0
YHIZ255039	5	4	4	5	5	4	4	4	4
YHOA441013	4	3	4	5	4	3	4	4	5
YHUG514856	3	3	1	3	3	2	1	2	3
YHWT858465	4	2	4	4	3	3	0	3	4
YIJR392200	3	0	0	0	3	3	0	3	3
YIOR664376	3	0	2	1	3	2	4	4	3
YIZD974071	3	0	0	0	0	0	0	0	0
YJBT550507	3	1	1	2	2	1	3	3	3
YJDU596866	0	0	0	0	0	0	0	0	0
YJFY767376	4	4	4	3	4	4	3	3	4
YJGK838251	4	3	3	4	3	3	4	4	3
YJQR155514	3	1	2	4	2	3	4	3	4
YJTF700953	5	5	4	4	5	4	4	4	4
YKBS998826	4	3	3	4	3	2	4	4	4
YKFB331554	3	2	2	4	2	3	3	4	3
YKNE126911	3	1	2	0	2	3	3	2	1
YKOO898371	2	3	1	3	3	1	3	3	2
YKPH306982	5	5	5	5	4	5	3	3	3
YKVZ981327	2	1	0	3	1	0	1	0	0
YKXX887441	4	3	3	3	4	4	3	3	3
YLCO449169	5	4	4	4	5	5	4	4	4
YLCQ746105	3	2	2	3	2	2	3	3	3
YLEG623040	3	1	1	2	2	2	1	2	2
YLFW446057	4	3	2	4	4	4	3	3	4
YLJL522563	0	0	0	2	2	1	3	2	1
YLPO213892	4	4	3	4	3	3	4	4	4
YMBC220251	3	3	1	3	4	3	3	4	3
YMBE888492	2	2	2	2	3	3	3	3	3
YMGE346035	2	3	1	0	3	3	1	1	1
YMOY502488	3	1	0	0	1	1	0	0	0
YNDT700557	3	1	1	2	1	0	3	3	3
YNFR411617	2	1	0	2	2	1	1	2	2
YNHQ923880	2	1	2	1	1	1	2	2	2
YNTP607038	1	4	3	3	5	3	1	1	1
YNVV214901	3	2	0	4	3	3	3	3	1
YNWR224786	3	3	2	4	3	1	4	4	3
YOHJ891788	3	2	1	2	1	1	3	2	2
YOLR861003	3	2	3	3	3	3	1	4	3
YOQO216045	4	3	0	5	4	4	4	4	3
YORV149162	3	4	4	3	3	3	3	3	3
YOTC766976	3	4	4	5	4	4	4	4	4
YOYS544345	3	2	2	4	5	3	2	1	3
YOYY876816	2	1	2	3	2	2	3	4	4
YPBI974449	3	1	1	3	3	3	3	4	2
YPIC833379	2	1	1	3	3	3	1	2	3
YPLT652602	3	5	0	0	0	0	0	0	0
YPSH535189	3	3	3	3	3	2	3	4	3
YPSL893446	3	2	3	1	1	1	4	3	4
YPVT354129	4	1	1	1	1	0	2	1	2
YQBH163980	4	1	2	3	3	3	3	4	2
YQOO139626	3	1	0	3	3	3	2	3	2
YQZC348654	5	3	4	4	5	4	4	3	3
YQZO175784	4	4	3	5	5	3	4	4	3
YRBG213275	4	5	4	4	4	4	4	4	4
YRCE955100	2	3	4	3	3	3	4	4	3
YRDF763390	3	2	2	4	4	4	4	4	4
YRFI731568	3	2	2	2	3	3	1	2	1
YRGL968466	4	4	4	3	2	3	2	3	2
YRLA687192	1	2	2	0	0	1	1	0	1
YRLD750339	1	1	2	4	3	2	3	4	3
YRNM916712	3	2	2	4	3	3	4	4	4
YRSC239231	3	2	3	3	3	2	3	2	2
YSDX664299	4	0	0	5	3	0	3	3	3
YSIB340608	4	3	3	3	1	4	1	3	3
YTEL636247	3	3	1	4	3	3	4	4	3
YTQN315985	3	3	3	4	2	3	3	3	3
YTVO325812	4	2	4	4	3	5	4	4	5
YTZM445861	1	1	1	1	1	1	1	1	1
YUHS638285	3	2	2	4	3	3	4	4	4
YUIZ946895	3	3	1	4	3	4	4	4	4
YUJP362064	3	4	0	3	1	2	2	3	3
YUQD596416	3	4	3	3	4	3	2	3	3
YUTE817683	3	3	3	3	3	3	3	3	3
YUTJ380907	4	3	3	2	4	4	4	4	3
YUXR570479	3	2	3	3	3	4	1	3	4
YVIL358441	2	3	3	3	4	3	0	1	0
YVPY791645	3	4	4	2	2	1	4	4	4
YVRD683591	3	2	2	4	3	3	4	4	3
YVWS891796	4	4	5	3	5	4	2	2	1
YVYA207615	4	3	3	4	4	3	4	4	4
YWAC569575	1	2	1	2	2	2	2	3	2
YWHX947400	3	3	3	4	3	3	4	3	3
YWJH711413	4	3	3	3	3	4	3	5	5
YWJT623288	3	1	2	1	1	1	1	1	1
YWRB101008	3	1	2	4	2	2	3	3	3
YXBD813022	4	3	4	4	4	4	3	3	4
YXLC962951	2	2	1	1	1	1	3	3	3
YXQK525881	4	4	5	5	5	5	3	2	5
YXTK482286	4	4	4	4	4	4	5	5	5
YYHK604571	4	4	4	1	3	4	1	3	4
YYIO683300	2	2	1	4	3	3	3	3	3
YYQK978471	0	0	0	3	1	1	4	3	0
YYXR418936	0	1	0	1	1	0	1	1	1
YYYC394667	4	1	4	1	2	3	0	0	0
YZDF143139	3	2	2	4	4	4	3	3	3
YZHQ129870	3	0	4	4	4	3	4	4	4
ZAHV726732	1	3	0	4	3	3	1	2	3
ZAJP761189	1	1	1	1	1	1	1	1	1
ZAQL669852	3	3	3	4	3	3	2	4	4
ZAXT390485	4	3	3	4	4	3	3	4	4
ZBCX236268	4	3	3	3	3	4	0	3	3
ZBOF371409	2	1	0	2	2	1	2	2	2
ZBOS607598	3	2	1	3	3	3	3	4	3
ZBQO549775	3	3	4	4	4	4	4	4	3
ZCAD638163	0	3	2	0	0	0	0	0	0
ZCAG329370	1	1	1	2	2	2	3	3	3
ZCFS148215	3	2	3	4	4	4	2	3	4
ZDAB317565	3	1	1	2	2	2	3	3	3
ZDEQ749181	4	3	4	3	4	4	3	4	4
ZDLL972695	0	0	0	3	1	0	4	5	2
ZDVC825199	3	3	3	3	3	3	3	3	3
ZEBM675181	3	3	3	1	3	3	1	1	2
ZECI735993	3	2	1	3	3	3	3	3	4
ZEDQ561544	2	2	1	2	3	2	2	1	2
ZEFF662666	3	4	3	3	3	4	1	0	2
ZENJ211682	3	3	3	2	3	2	0	1	1
ZEOQ734199	1	4	2	4	3	2	3	2	2
ZEOT676123	5	4	5	5	5	5	4	4	5
ZERF735416	3	2	1	3	2	2	2	3	2
ZESL278505	5	3	2	1	2	4	0	2	3
ZEUQ379255	4	3	2	3	4	3	2	3	4
ZEYF440586	3	4	4	4	3	3	4	5	5
ZFMI132913	4	3	3	4	4	4	3	5	4
ZGEW359500	2	2	3	5	3	3	3	3	4
ZGEY184060	3	2	1	4	3	4	3	3	4
ZGGH661736	2	3	4	2	2	2	3	3	2
ZGJV665664	4	2	4	4	4	3	3	3	4
ZGLX948425	2	0	0	2	1	1	3	4	1
ZHAU138211	1	4	3	4	5	5	4	4	4
ZHIV989882	4	0	0	4	3	1	3	4	4
ZHNA486308	4	5	4	5	4	5	4	4	3
ZHNX729831	3	4	4	3	4	2	4	5	4
ZHOY274055	2	2	1	2	2	2	3	3	2
ZHRK364633	3	3	2	4	4	4	3	4	4
ZINB655258	2	3	4	3	4	4	2	1	2
ZIPF442370	4	3	3	4	3	3	4	5	4
ZIUJ974882	3	1	3	1	1	1	1	1	1
ZJLC588456	3	2	3	3	0	1	1	2	4
ZJWI240968	2	3	2	0	1	1	0	0	0
ZJXN698967	4	2	2	3	3	0	3	3	0
ZKDZ707461	3	3	3	4	3	4	1	3	3
ZKMS152894	4	4	3	3	4	5	4	4	5
ZKUH789266	2	2	1	3	1	1	4	4	4
ZKWE993455	3	3	2	4	4	3	3	4	3
ZLAA351978	3	3	2	1	1	1	4	3	4
ZLAT511716	3	3	2	3	3	4	2	4	3
ZLER986279	0	0	0	2	0	0	2	2	1
ZLGD732360	4	5	5	5	4	4	4	4	4
ZLSC187146	4	2	3	0	1	3	1	1	1
ZMGP728037	3	5	5	3	5	5	3	3	3
ZMHA585877	2	0	0	4	3	3	4	4	3
ZMKZ506684	4	3	3	4	4	4	1	1	2
ZMOT684224	2	4	3	1	1	1	3	3	1
ZMPD274355	4	3	3	3	3	4	4	4	3
ZMPE104569	1	1	3	4	4	3	1	3	3
ZMWD694559	2	2	2	3	3	2	2	3	2
ZMXL149251	5	5	5	4	4	4	5	5	4
ZNAB216215	3	0	0	2	2	2	2	3	2
ZNKL584618	3	3	3	5	5	4	4	5	4
ZNKN520761	3	2	3	3	2	3	3	2	2
ZNVQ582962	2	4	3	4	3	2	3	3	2
ZNYD196617	3	2	4	3	3	2	3	4	4
ZOUR288239	4	1	0	4	3	2	1	3	3
ZOYA348984	2	2	2	3	2	2	2	2	2
ZPBT375571	1	0	0	4	3	3	1	5	5
ZPHX746004	3	1	2	5	4	3	4	4	3
ZPKS894260	4	4	4	4	3	2	3	3	3
ZPPV574394	4	4	3	3	1	3	4	3	4
ZPQR559325	4	5	4	5	5	5	4	4	4
ZPRS336721	0	3	3	2	1	0	1	2	2
ZPWI655726	1	1	1	4	2	3	4	4	4
ZQJN967292	2	2	1	3	3	3	2	3	0
ZQKJ743027	3	3	1	3	4	4	2	3	3
ZQLB884998	3	3	4	3	4	3	4	3	3
ZQLL377958	3	2	0	4	4	1	0	2	2
ZQPX730832	2	1	1	3	3	1	4	3	4
ZQQO855734	3	3	3	4	4	4	4	4	3
ZQTG597058	1	1	0	2	2	3	4	4	3
ZRHI553554	4	3	3	4	3	3	4	4	5
ZRHN402301	5	3	5	4	3	3	4	4	4
ZRPN644332	0	0	0	0	0	0	0	0	0
ZRUJ598975	3	1	1	3	2	3	4	4	4
ZSMJ439463	4	4	4	4	0	1	1	4	4
ZSNM604059	3	1	1	3	3	3	0	3	3
ZSUB221688	1	2	1	3	1	4	4	4	3
ZTCT105727	3	2	2	4	3	3	3	4	4
ZTGE930849	1	2	1	1	1	2	3	3	2
ZTOG711051	1	1	2	2	3	3	0	1	2
ZTUM418285	1	1	1	3	2	1	3	3	0
ZUOJ873163	2	1	1	1	1	1	2	1	4
ZUUL323341	4	3	3	3	3	2	3	3	3
ZVKI886702	4	2	4	4	5	5	0	0	4
ZVLI585933	4	3	3	4	4	4	4	4	4
ZVSJ279476	4	4	4	3	4	4	3	3	4
ZVSS565031	4	3	4	4	4	4	4	4	4
ZVSY117331	0	0	0	0	0	0	0	0	0
ZVYJ883700	4	2	3	4	3	2	4	4	3
ZWES933712	5	3	3	4	4	4	4	4	5
ZWFL936777	4	2	2	4	4	3	4	4	4
ZWKN485550	5	3	4	4	4	4	3	4	4
ZWSP542979	1	2	1	1	1	1	1	1	1
ZWUS578637	4	4	4	3	1	1	3	4	3
ZWZR824283	2	2	2	1	1	1	2	1	1
ZXEQ714713	1	2	2	4	4	4	4	4	1
ZXFL397972	1	1	0	1	1	2	2	1	1
ZXGD797555	3	1	1	3	4	3	3	4	4
ZXHC381744	3	3	3	4	3	3	4	4	3
ZXXD994830	2	1	1	1	1	0	3	3	3
ZYFB768858	3	1	1	2	1	0	0	4	4
ZYHY639909	1	1	1	3	2	3	3	4	4
ZYIK294358	3	0	0	2	2	1	3	3	3
ZYJB215236	3	1	0	4	3	3	2	3	3
ZYOF377198	2	0	0	2	2	1	2	2	1
ZYTS927603	3	3	3	4	3	3	4	4	4
ZYVC348569	4	3	4	3	4	4	3	4	4
ZZHW998155	1	1	0	2	2	2	1	1	1
ZZLX632934	3	3	3	4	3	2	3	5	4
ZZXU513947	4	4	4	3	2	1	4	4	5
ZZZE910503	4	4	3	4	3	3	4	4	3